Workbook

Sheet Revision_History
A2: Revision history
B5: Version | C5: Date | D5: Sheet | E5: Comment | F5: Written by | G5: Checked by | H5: Approved by
B6: 1.0 | C6: 42761 | D6: All | E6: Preparation for V5.4 regression test. | F6: RVC/Thuy Tran GCS/Muoi Nguyen | G6: RVC/Thuy Tran | H6: RVC/Hieu Nguyen
B7: 1.1 | C7: 42788 | D7: All | E7: Test result of V5.4 RUN1. | F7: GCS/Muoi Nguyen | G7: RVC/Thuy Tran | H7: RVC/Hieu Nguyen
B8: 1.2 | C8: 42793 | D8: All | E8: Test preparation of V5.4 RUN2. | F8: RVC/Thuy Tran | G8: RVC/Thuy Tran | H8: RVC/Hieu Nguyen
B9: 1.3 | C9: 42811 | D9: All | E9: Test result of V5.4 RUN2. | F9: GCS/Muoi Nguyen | G9: RVC/Thuy Tran | H9: RVC/Hieu Nguyen

Sheet Summary
A2: V5.4 Regression Test | O2: Select the current RUN: | P2: 1 | R2: 1 | AM2: 2 | BH2: 3 | CC2: 4 | CX2: 5
E4: Result on 5.2.0.019, SSP_1.1.0-alpha | R4: e2studio_v5.4.0.001-Part1 | AM4: e2studio_v5.4.0.005 | BH4: TBD | CC4: TBD | CX4: TBD
C5: Component/Plug-in | E5: 5.3 test cases | G5: Total test cases | J5: Executed test cases | M5: Skipped test cases | N5: Jubula limitation | O5: PIC (RVC/GCS) | P5: Remark | Q5: Diff Level (by GCS in V5.3) | R5: Total test cases | U5: % | V5: Executed test cases | AE5: Skipped test cases | AI5: PIC (RVC/GCS) | AJ5: Note for FAIL | AK5: Remark | AM5: Total test cases | AP5: % | AQ5: Executed test cases | AZ5: Skipped test cases | BD5: PIC (RVC/GCS) | BE5: Note for FAIL | BF5: Remark | BH5: Total test cases | BK5: % | BL5: Executed test cases | BU5: Skipped test cases | BY5: PIC (RVC/GCS) | BZ5: Note for FAIL | CA5: Remark | CC5: Total test cases | CF5: % | CG5: Executed test cases | CP5: Skipped test cases | CT5: PIC (RVC/GCS) | CU5: Note for FAIL | CV5: Remark | CX5: Total test cases | DA5: % | DB5: Executed test cases | DK5: Skipped test cases | DO5: PIC (RVC/GCS) | DP5: Note for FAIL | DQ5: Remark
E6: New | F6: Existing | G6: Sum | H6: Auto | I6: Manual | J6: Sum | K6: PASS | L6: FALSE | R6: Sum | S6: Auto | T6: Manual | V6: Sum | Y6: Auto | AB6: Manual | AE6: Sum | AF6: Auto | AG6: Manual | AH6: Reason of skipping | AM6: Sum | AN6: Auto | AO6: Manual | AQ6: Sum | AT6: Auto | AW6: Manual | AZ6: Sum | BA6: Auto | BB6: Manual | BC6: Reason of skipping | BH6: Sum | BI6: Auto | BJ6: Manual | BL6: Sum | BO6: Auto | BR6: Manual | BU6: Sum | BV6: Auto | BW6: Manual | BX6: Reason of skipping | CC6: Sum | CD6: Auto | CE6: Manual | CG6: Sum | CJ6: Auto | CM6: Manual | CP6: Sum | CQ6: Auto | CR6: Manual | CS6: Reason of skipping | CX6: Sum | CY6: Auto | CZ6: Manual | DB6: Sum | DE6: Auto | DH6: Manual | DK6: Sum | DL6: Auto | DM6: Manual | DN6: Reason of skipping
V7: Total | W7: Pass | X7: Fail | Y7: Total | Z7: Pass | AA7: Fail | AB7: Total | AC7: Pass | AD7: Fail | AQ7: Total | AR7: Pass | AS7: Fail | AT7: Total | AU7: Pass | AV7: Fail | AW7: Total | AX7: Pass | AY7: Fail | BL7: Total | BM7: Pass | BN7: Fail | BO7: Total | BP7: Pass | BQ7: Fail | BR7: Total | BS7: Pass | BT7: Fail | CG7: Total | CH7: Pass | CI7: Fail | CJ7: Total | CK7: Pass | CL7: Fail | CM7: Total | CN7: Pass | CO7: Fail | DB7: Total | DC7: Pass | DD7: Fail | DE7: Total | DF7: Pass | DG7: Fail | DH7: Total | DI7: Pass | DJ7: Fail
C8: # | D8: Number of test cases | E8: =SUM(E9:E21) -> 0 | F8: =SUM(F9:F21) -> 388 | G8: =SUM(G9:G21) -> 388 | H8: =SUM(H9:H21) -> 329 | I8: =SUM(I9:I21) -> 59 | J8: =SUM(J9:J21) -> 0 | K8: =SUM(K9:K21) -> 0 | L8: =SUM(L9:L21) -> 0 | ... N8: =SUM(N9:N21) -> 0 | R8: =SUM(R9:R21) -> 388 | S8: =SUM(S9:S21) -> 329 | T8: =SUM(T9:T21) -> 59 | U8: =IFERROR(V8/R8,"-") -> 1 | V8: =SUM(V9:V21) -> 388 | W8: =SUM(W9:W21) -> 383 | X8: =SUM(X9:X21) -> 5 | Y8: =SUM(Y9:Y21) -> 329 | Z8: =SUM(Z9:Z21) -> 325 | AA8: =SUM(AA9:AA21) -> 4 | AB8: =SUM(AB9:AB21) -> 59 | AC8: =SUM(AC9:AC21) -> 58 | ... AG8: =SUM(AG9:AG21) -> 0 | AM8: =SUM(AM9:AM21) -> 388 | AN8: =SUM(AN9:AN21) -> 329 | AO8: =SUM(AO9:AO21) -> 59 | AP8: =IFERROR(AQ8/AM8,"-") -> 1 | AQ8: =SUM(AQ9:AQ21) -> 388 | AR8: =SUM(AR9:AR21) -> 384 | AS8: =SUM(AS9:AS21) -> 4 | AT8: =SUM(AT9:AT21) -> 329 | AU8: =SUM(AU9:AU21) -> 325 | AV8: =SUM(AV9:AV21) -> 4 | AW8: =SUM(AW9:AW21) -> 59 | AX8: =SUM(AX9:AX21) -> 59 | ... BB8: =SUM(BB9:BB21) -> 0 | BH8: =SUM(BH9:BH21) -> 0 | BI8: =SUM(BI9:BI21) -> 0 | BJ8: =SUM(BJ9:BJ21) -> 0 | BK8: =IFERROR(BL8/BH8,"-") -> - | BL8: =SUM(BL9:BL21) -> 0 | BM8: =SUM(BM9:BM21) -> 0 | BN8: =SUM(BN9:BN21) -> 0 | BO8: =SUM(BO9:BO21) -> 0 | BP8: =SUM(BP9:BP21) -> 0 | BQ8: =SUM(BQ9:BQ21) -> 0 | BR8: =SUM(BR9:BR21) -> 0 | BS8: =SUM(BS9:BS21) -> 0 | ... BW8: =SUM(BW9:BW21) -> 0 | CC8: =SUM(CC9:CC21) -> 0 | CD8: =SUM(CD9:CD21) -> 0 | CE8: =SUM(CE9:CE21) -> 0 | CF8: =IFERROR(CG8/CC8,"-") -> - | CG8: =SUM(CG9:CG21) -> 0 | CH8: =SUM(CH9:CH21) -> 0 | CI8: =SUM(CI9:CI21) -> 0 | CJ8: =SUM(CJ9:CJ21) -> 0 | CK8: =SUM(CK9:CK21) -> 0 | CL8: =SUM(CL9:CL21) -> 0 | CM8: =SUM(CM9:CM21) -> 0 | CN8: =SUM(CN9:CN21) -> 0 | ... CR8: =SUM(CR9:CR21) -> 0 | CX8: =SUM(CX9:CX21) -> 0 | CY8: =SUM(CY9:CY21) -> 0 | CZ8: =SUM(CZ9:CZ21) -> 0 | DA8: =IFERROR(DB8/CX8,"-") -> - | DB8: =SUM(DB9:DB21) -> 0 | DC8: =SUM(DC9:DC21) -> 0 | DD8: =SUM(DD9:DD21) -> 0 | DE8: =SUM(DE9:DE21) -> 0 | DF8: =SUM(DF9:DF21) -> 0 | DG8: =SUM(DG9:DG21) -> 0 | DH8: =SUM(DH9:DH21) -> 0 | DI8: =SUM(DI9:DI21) -> 0 | ... DM8: =SUM(DM9:DM21) -> 0
C9: Bu_#1 | D9: Builder_Common | E9: =INDIRECT("'"&D9&"'!"&"C6") -> 0 | F9: =G9-E9 -> 157 | G9: =INDIRECT("'"&D9&"'!"&"C1") -> 157 | H9: =INDIRECT("'"&D9&"'!"&"C2") -> 139 | I9: =G9-H9 -> 18 | J9: =SUM(K9:L9) -> 0 | K9: =INDIRECT("'"&D9&"'!"&"L5") -> 0 | L9: =INDIRECT("'"&D9&"'!"&"L6") -> 0 | M9: =INDIRECT("'"&D9&"'!"&"L7") -> 0 | N9: =INDIRECT("'"&D9&"'!"&"E3") -> 0 | O9: =(IF(INDIRECT("'"&D9&"'!"&"L3")=0,"-","-RVC="&INDIRECT("'"&D9&"'!"&"L3")&"-"))&IF(INDIRECT("'"&D9&"'!"&"L4")=0,"-","-GCS="&INDIRECT("'"&D9&"'!"&"L4")&"-") -> -- | Q9: =INDIRECT(CONCATENATE("'",$D9,"'!$AN$12")) -> N | R9: =SUM(S9:T9) -> 157 | S9: 139 | T9: 18 | U9: =IFERROR(V9/R9,"-") -> 1 | V9: =INDIRECT("'"&D9&"'!"&"P3") -> 157 | W9: =INDIRECT("'"&D9&"'!"&"P4") -> 152 | X9: =INDIRECT("'"&D9&"'!"&"P5") -> 5 | Y9: =INDIRECT("'"&D9&"'!"&"Q3") -> 139 | Z9: =INDIRECT("'"&D9&"'!"&"Q4") -> 135 | AA9: =INDIRECT("'"&D9&"'!"&"Q5") -> 4 | AB9: =INDIRECT("'"&D9&"'!"&"R3") -> 18 | AC9: =INDIRECT("'"&D9&"'!"&"R4") -> 17 | AD9: =INDIRECT("'"&D9&"'!"&"R5") -> 1 | AE9: =INDIRECT("'"&D9&"'!"&"P10") -> 0 | AF9: =INDIRECT("'"&D9&"'!"&"Q10") -> 0 | AG9: =INDIRECT("'"&D9&"'!"&"R10") -> 0 | AI9: =(IF(INDIRECT("'"&D9&"'!"&"P1")=0,"-","-RVC="&INDIRECT("'"&D9&"'!"&"P1")))&IF(INDIRECT("'"&D9&"'!"&"R1")=0,"-","-GCS="&INDIRECT("'"&D9&"'!"&"R1")) -> --GCS=157 | AJ9: 5 fail (Known) due: IDE-9544 | AK9: GCS | AL9: =INDIRECT(CONCATENATE("'",$D9,"'!$AR$3")) -> E | AM9: =SUM(AN9:AO9) -> 157 | AN9: 139 | AO9: 18 | AP9: =IFERROR(AQ9/AM9,"-") -> 1 | AQ9: =INDIRECT("'"&D9&"'!"&"T3") -> 157 | AR9: =INDIRECT("'"&D9&"'!"&"T4") -> 153 | AS9: =INDIRECT("'"&D9&"'!"&"T5") -> 4 | AT9: =INDIRECT("'"&D9&"'!"&"U3") -> 139 | AU9: =INDIRECT("'"&D9&"'!"&"U4") -> 135 | AV9: =INDIRECT("'"&D9&"'!"&"U5") -> 4 | AW9: =INDIRECT("'"&D9&"'!"&"V3") -> 18 | AX9: =INDIRECT("'"&D9&"'!"&"V4") -> 18 | AY9: =INDIRECT("'"&D9&"'!"&"V5") -> 0 | AZ9: =INDIRECT("'"&D9&"'!"&"T10") -> 0 | BA9: =INDIRECT("'"&D9&"'!"&"U10") -> 0 | BB9: =INDIRECT("'"&D9&"'!"&"V10") -> 0 | BD9: =(IF(INDIRECT("'"&D9&"'!"&"T1")=0,"-","-RVC="&INDIRECT("'"&D9&"'!"&"T1")))&IF(INDIRECT("'"&D9&"'!"&"V1")=0,"-","-GCS="&INDIRECT("'"&D9&"'!"&"V1")) -> --GCS=157 | BE9: IDE-9544 | BF9: GCS | BG9: =INDIRECT(CONCATENATE("'",$D9,"'!$AR$4")) -> E | BH9: =SUM(BI9:BJ9) -> 0 | BK9: =IFERROR(BL9/BH9,"-") -> - | BL9: =INDIRECT("'"&D9&"'!"&"X3") -> 0 | BM9: =INDIRECT("'"&D9&"'!"&"X4") -> 0 | BN9: =INDIRECT("'"&D9&"'!"&"X5") -> 0 | BO9: =INDIRECT("'"&D9&"'!"&"Y3") -> 0 | BP9: =INDIRECT("'"&D9&"'!"&"Y4") -> 0 | BQ9: =INDIRECT("'"&D9&"'!"&"Y5") -> 0 | BR9: =INDIRECT("'"&D9&"'!"&"Z3") -> 0 | BS9: =INDIRECT("'"&D9&"'!"&"Z4") -> 0 | BT9: =INDIRECT("'"&D9&"'!"&"Z5") -> 0 | BU9: =INDIRECT("'"&D9&"'!"&"X10") -> 0 | BV9: =INDIRECT("'"&D9&"'!"&"Y10") -> 0 | BW9: =INDIRECT("'"&D9&"'!"&"Z10") -> 0 | BY9: =(IF(INDIRECT("'"&D9&"'!"&"V1")=0,"-","-RVC="&INDIRECT("'"&D9&"'!"&"V1")))&IF(INDIRECT("'"&D9&"'!"&"X1")=0,"-","-GCS="&INDIRECT("'"&D9&"'!"&"X1")) -> -RVC=157- | CB9: =INDIRECT(CONCATENATE("'",$D9,"'!$AR$5")) -> NOT-YET | CC9: =SUM(CD9:CE9) -> 0 | CF9: =IFERROR(CG9/CC9,"-") -> - | CG9: =INDIRECT("'"&D9&"'!"&"AB3") -> 0 | CH9: =INDIRECT("'"&D9&"'!"&"AB4") -> 0 | CI9: =INDIRECT("'"&D9&"'!"&"AB5") -> 0 | CJ9: =INDIRECT("'"&D9&"'!"&"AC3") -> 0 | CK9: =INDIRECT("'"&D9&"'!"&"AC4") -> 0 | CL9: =INDIRECT("'"&D9&"'!"&"AC5") -> 0 | CM9: =INDIRECT("'"&D9&"'!"&"AD3") -> 0 | CN9: =INDIRECT("'"&D9&"'!"&"AD4") -> 0 | CO9: =INDIRECT("'"&D9&"'!"&"AD5") -> 0 | CP9: =INDIRECT("'"&D9&"'!"&"AB10") -> 0 | CQ9: =INDIRECT("'"&D9&"'!"&"AC10") -> 0 | CR9: =INDIRECT("'"&D9&"'!"&"AD10") -> 0 | CT9: =(IF(INDIRECT("'"&D9&"'!"&"Z1")=0,"-","-RVC="&INDIRECT("'"&D9&"'!"&"Z1")))&IF(INDIRECT("'"&D9&"'!"&"AB1")=0,"-","-GCS="&INDIRECT("'"&D9&"'!"&"AB1")) -> -- | CX9: =SUM(CY9:CZ9) -> 0 | DA9: =IFERROR(DB9/CX9,"-") -> - | DB9: =INDIRECT("'"&D9&"'!"&"AF3") -> 0 | DC9: =INDIRECT("'"&D9&"'!"&"AF4") -> 0 | DD9: =INDIRECT("'"&D9&"'!"&"AF5") -> 0 | DE9: =INDIRECT("'"&D9&"'!"&"AG3") -> 0 | DF9: =INDIRECT("'"&D9&"'!"&"AG4") -> 0 | DG9: =INDIRECT("'"&D9&"'!"&"AG5") -> 0 | DH9: =INDIRECT("'"&D9&"'!"&"AH3") -> 0 | DI9: =INDIRECT("'"&D9&"'!"&"AH4") -> 0 | DJ9: =INDIRECT("'"&D9&"'!"&"AH5") -> 0 | DK9: =INDIRECT("'"&D9&"'!"&"AF10") -> 0 | DL9: =INDIRECT("'"&D9&"'!"&"AG10") -> 0 | DM9: =INDIRECT("'"&D9&"'!"&"AH10") -> 0 | DO9: =(IF(INDIRECT("'"&D9&"'!"&"AD1")=0,"-","-RVC="&INDIRECT("'"&D9&"'!"&"AD1")))&IF(INDIRECT("'"&D9&"'!"&"AF1")=0,"-","-GCS="&INDIRECT("'"&D9&"'!"&"AF1")) -> --
C10: Bu_#1 | D10: Builder_Enhancement_3.1 | E10: =INDIRECT("'"&D10&"'!"&"C6") -> 0 | F10: =G10-E10 -> 110 | G10: =INDIRECT("'"&D10&"'!"&"C1") -> 110 | H10: =INDIRECT("'"&D10&"'!"&"C2") -> 109 | I10: =G10-H10 -> 1 | J10: =SUM(K10:L10) -> 0 | K10: =COUNTIFS(INDIRECT("'"&D10&"'!"&"$K$15:$K$1000"),"*Pass*") -> 0 | L10: =COUNTIFS(INDIRECT("'"&D10&"'!"&"$K$15:$K$1000"),"*Fail*") -> 0 | M10: =COUNTIFS(INDIRECT("'"&D10&"'!"&"$K$15:$K$1000"),"*skip*") -> 0 | N10: =INDIRECT("'"&D10&"'!"&"E3") -> 0 | O10: =(IF(INDIRECT("'"&D10&"'!"&"L3")=0,"-","-RVC="&INDIRECT("'"&D10&"'!"&"L3")&"-"))&IF(INDIRECT("'"&D10&"'!"&"L4")=0,"-","-GCS="&INDIRECT("'"&D10&"'!"&"L4")&"-") -> -- | Q10: =INDIRECT(CONCATENATE("'",$D10,"'!$AN$12")) -> N | R10: =SUM(S10:T10) -> 110 | S10: 109 | T10: 1 | U10: =IFERROR(V10/R10,"-") -> 1 | V10: =INDIRECT("'"&D10&"'!"&"P3") -> 110 | W10: =INDIRECT("'"&D10&"'!"&"P4") -> 110 | X10: =INDIRECT("'"&D10&"'!"&"P5") -> 0 | Y10: =INDIRECT("'"&D10&"'!"&"Q3") -> 109 | Z10: =INDIRECT("'"&D10&"'!"&"Q4") -> 109 | AA10: =INDIRECT("'"&D10&"'!"&"Q5") -> 0 | AB10: =INDIRECT("'"&D10&"'!"&"R3") -> 1 | AC10: =INDIRECT("'"&D10&"'!"&"R4") -> 1 | AD10: =INDIRECT("'"&D10&"'!"&"R5") -> 0 | AE10: =INDIRECT("'"&D10&"'!"&"P10") -> 0 | AF10: =INDIRECT("'"&D10&"'!"&"Q10") -> 0 | AG10: =INDIRECT("'"&D10&"'!"&"R10") -> 0 | AI10: =(IF(INDIRECT("'"&D10&"'!"&"P1")=0,"-","-RVC="&INDIRECT("'"&D10&"'!"&"P1")))&IF(INDIRECT("'"&D10&"'!"&"R1")=0,"-","-GCS="&INDIRECT("'"&D10&"'!"&"R1")) -> --GCS=110 | AK10: GCS | AL10: =INDIRECT(CONCATENATE("'",$D10,"'!$AR$3")) -> NOT-YET | AM10: =SUM(AN10:AO10) -> 110 | AN10: 109 | AO10: 1 | AP10: =IFERROR(AQ10/AM10,"-") -> 1 | AQ10: =INDIRECT("'"&D10&"'!"&"T3") -> 110 | AR10: =INDIRECT("'"&D10&"'!"&"T4") -> 110 | AS10: =INDIRECT("'"&D10&"'!"&"T5") -> 0 | AT10: =INDIRECT("'"&D10&"'!"&"U3") -> 109 | AU10: =INDIRECT("'"&D10&"'!"&"U4") -> 109 | AV10: =INDIRECT("'"&D10&"'!"&"U5") -> 0 | AW10: =INDIRECT("'"&D10&"'!"&"V3") -> 1 | AX10: =INDIRECT("'"&D10&"'!"&"V4") -> 1 | AY10: =INDIRECT("'"&D10&"'!"&"V5") -> 0 | AZ10: =INDIRECT("'"&D10&"'!"&"T10") -> 0 | BA10: =INDIRECT("'"&D10&"'!"&"U10") -> 0 | BB10: =INDIRECT("'"&D10&"'!"&"V10") -> 0 | BD10: =(IF(INDIRECT("'"&D10&"'!"&"T1")=0,"-","-RVC="&INDIRECT("'"&D10&"'!"&"T1")))&IF(INDIRECT("'"&D10&"'!"&"V1")=0,"-","-GCS="&INDIRECT("'"&D10&"'!"&"V1")) -> --GCS=110 | BF10: GCS | BG10: =INDIRECT(CONCATENATE("'",$D10,"'!$AR$4")) -> NOT-YET | BH10: =SUM(BI10:BJ10) -> 0 | BK10: =IFERROR(BL10/BH10,"-") -> - | BL10: =INDIRECT("'"&D10&"'!"&"X3") -> 0 | BM10: =INDIRECT("'"&D10&"'!"&"X4") -> 0 | BN10: =INDIRECT("'"&D10&"'!"&"X5") -> 0 | BO10: =INDIRECT("'"&D10&"'!"&"Y3") -> 0 | BP10: =INDIRECT("'"&D10&"'!"&"Y4") -> 0 | BQ10: =INDIRECT("'"&D10&"'!"&"Y5") -> 0 | BR10: =INDIRECT("'"&D10&"'!"&"Z3") -> 0 | BS10: =INDIRECT("'"&D10&"'!"&"Z4") -> 0 | BT10: =INDIRECT("'"&D10&"'!"&"Z5") -> 0 | BU10: =INDIRECT("'"&D10&"'!"&"X10") -> 0 | BV10: =INDIRECT("'"&D10&"'!"&"Y10") -> 0 | BW10: =INDIRECT("'"&D10&"'!"&"Z10") -> 0 | BY10: =(IF(INDIRECT("'"&D10&"'!"&"V1")=0,"-","-RVC="&INDIRECT("'"&D10&"'!"&"V1")))&IF(INDIRECT("'"&D10&"'!"&"X1")=0,"-","-GCS="&INDIRECT("'"&D10&"'!"&"X1")) -> -RVC=110- | CB10: =INDIRECT(CONCATENATE("'",$D10,"'!$AR$5")) -> NOT-YET | CC10: =SUM(CD10:CE10) -> 0 | CF10: =IFERROR(CG10/CC10,"-") -> - | CG10: =INDIRECT("'"&D10&"'!"&"AB3") -> 0 | CH10: =INDIRECT("'"&D10&"'!"&"AB4") -> 0 | CI10: =INDIRECT("'"&D10&"'!"&"AB5") -> 0 | CJ10: =INDIRECT("'"&D10&"'!"&"AC3") -> 0 | CK10: =INDIRECT("'"&D10&"'!"&"AC4") -> 0 | CL10: =INDIRECT("'"&D10&"'!"&"AC5") -> 0 | CM10: =INDIRECT("'"&D10&"'!"&"AD3") -> 0 | CN10: =INDIRECT("'"&D10&"'!"&"AD4") -> 0 | CO10: =INDIRECT("'"&D10&"'!"&"AD5") -> 0 | CP10: =INDIRECT("'"&D10&"'!"&"AB10") -> 0 | CQ10: =INDIRECT("'"&D10&"'!"&"AC10") -> 0 | CR10: =INDIRECT("'"&D10&"'!"&"AD10") -> 0 | CT10: =(IF(INDIRECT("'"&D10&"'!"&"Z1")=0,"-","-RVC="&INDIRECT("'"&D10&"'!"&"Z1")))&IF(INDIRECT("'"&D10&"'!"&"AB1")=0,"-","-GCS="&INDIRECT("'"&D10&"'!"&"AB1")) -> -- | CX10: =SUM(CY10:CZ10) -> 0 | DA10: =IFERROR(DB10/CX10,"-") -> - | DB10: =INDIRECT("'"&D10&"'!"&"AF3") -> 0 | DC10: =INDIRECT("'"&D10&"'!"&"AF4") -> 0 | DD10: =INDIRECT("'"&D10&"'!"&"AF5") -> 0 | DE10: =INDIRECT("'"&D10&"'!"&"AG3") -> 0 | DF10: =INDIRECT("'"&D10&"'!"&"AG4") -> 0 | DG10: =INDIRECT("'"&D10&"'!"&"AG5") -> 0 | DH10: =INDIRECT("'"&D10&"'!"&"AH3") -> 0 | DI10: =INDIRECT("'"&D10&"'!"&"AH4") -> 0 | DJ10: =INDIRECT("'"&D10&"'!"&"AH5") -> 0 | DK10: =INDIRECT("'"&D10&"'!"&"AF10") -> 0 | DL10: =INDIRECT("'"&D10&"'!"&"AG10") -> 0 | DM10: =INDIRECT("'"&D10&"'!"&"AH10") -> 0 | DO10: =(IF(INDIRECT("'"&D10&"'!"&"AD1")=0,"-","-RVC="&INDIRECT("'"&D10&"'!"&"AD1")))&IF(INDIRECT("'"&D10&"'!"&"AF1")=0,"-","-GCS="&INDIRECT("'"&D10&"'!"&"AF1")) -> --
C11: Bu_#1 | D11: Builder_Rename&ImportProject | E11: =INDIRECT("'"&D11&"'!"&"C6") -> 0 | F11: =G11-E11 -> 21 | G11: =INDIRECT("'"&D11&"'!"&"C1") -> 21 | H11: =INDIRECT("'"&D11&"'!"&"C2") -> 21 | I11: =G11-H11 -> 0 | J11: =SUM(K11:L11) -> 0 | K11: =COUNTIFS(INDIRECT("'"&D11&"'!"&"$K$15:$K$1000"),"*Pass*") -> 0 | L11: =COUNTIFS(INDIRECT("'"&D11&"'!"&"$K$15:$K$1000"),"*Fail*") -> 0 | M11: =COUNTIFS(INDIRECT("'"&D11&"'!"&"$K$15:$K$1000"),"*skip*") -> 0 | N11: =INDIRECT("'"&D11&"'!"&"E3") -> 0 | O11: =(IF(INDIRECT("'"&D11&"'!"&"L3")=0,"-","-RVC="&INDIRECT("'"&D11&"'!"&"L3")&"-"))&IF(INDIRECT("'"&D11&"'!"&"L4")=0,"-","-GCS="&INDIRECT("'"&D11&"'!"&"L4")&"-") -> -- | Q11: =INDIRECT(CONCATENATE("'",$D11,"'!$AN$12")) -> NOT-YET | R11: =SUM(S11:T11) -> 21 | S11: 21 | T11: 0 | U11: =IFERROR(V11/R11,"-") -> 1 | V11: =INDIRECT("'"&D11&"'!"&"P3") -> 21 | W11: =INDIRECT("'"&D11&"'!"&"P4") -> 21 | X11: =INDIRECT("'"&D11&"'!"&"P5") -> 0 | Y11: =INDIRECT("'"&D11&"'!"&"Q3") -> 21 | Z11: =INDIRECT("'"&D11&"'!"&"Q4") -> 21 | AA11: =INDIRECT("'"&D11&"'!"&"Q5") -> 0 | AB11: =INDIRECT("'"&D11&"'!"&"R3") -> 0 | AC11: =INDIRECT("'"&D11&"'!"&"R4") -> 0 | AD11: =INDIRECT("'"&D11&"'!"&"R5") -> 0 | AE11: =INDIRECT("'"&D11&"'!"&"P10") -> 0 | AF11: =INDIRECT("'"&D11&"'!"&"Q10") -> 0 | AG11: =INDIRECT("'"&D11&"'!"&"R10") -> 0 | AI11: =(IF(INDIRECT("'"&D11&"'!"&"P1")=0,"-","-RVC="&INDIRECT("'"&D11&"'!"&"P1")))&IF(INDIRECT("'"&D11&"'!"&"R1")=0,"-","-GCS="&INDIRECT("'"&D11&"'!"&"R1")) -> --GCS=21 | AK11: GCS | AL11: =INDIRECT(CONCATENATE("'",$D11,"'!$AR$3")) -> NOT-YET | AM11: =SUM(AN11:AO11) -> 21 | AN11: 21 | AO11: 0 | AP11: =IFERROR(AQ11/AM11,"-") -> 1 | AQ11: =INDIRECT("'"&D11&"'!"&"T3") -> 21 | AR11: =INDIRECT("'"&D11&"'!"&"T4") -> 21 | AS11: =INDIRECT("'"&D11&"'!"&"T5") -> 0 | AT11: =INDIRECT("'"&D11&"'!"&"U3") -> 21 | AU11: =INDIRECT("'"&D11&"'!"&"U4") -> 21 | AV11: =INDIRECT("'"&D11&"'!"&"U5") -> 0 | AW11: =INDIRECT("'"&D11&"'!"&"V3") -> 0 | AX11: =INDIRECT("'"&D11&"'!"&"V4") -> 0 | AY11: =INDIRECT("'"&D11&"'!"&"V5") -> 0 | AZ11: =INDIRECT("'"&D11&"'!"&"T10") -> 0 | BA11: =INDIRECT("'"&D11&"'!"&"U10") -> 0 | BB11: =INDIRECT("'"&D11&"'!"&"V10") -> 0 | BD11: =(IF(INDIRECT("'"&D11&"'!"&"T1")=0,"-","-RVC="&INDIRECT("'"&D11&"'!"&"T1")))&IF(INDIRECT("'"&D11&"'!"&"V1")=0,"-","-GCS="&INDIRECT("'"&D11&"'!"&"V1")) -> --GCS=21 | BF11: GCS | BG11: =INDIRECT(CONCATENATE("'",$D11,"'!$AR$4")) -> NOT-YET | BH11: =SUM(BI11:BJ11) -> 0 | BK11: =IFERROR(BL11/BH11,"-") -> - | BL11: =INDIRECT("'"&D11&"'!"&"X3") -> 0 | BM11: =INDIRECT("'"&D11&"'!"&"X4") -> 0 | BN11: =INDIRECT("'"&D11&"'!"&"X5") -> 0 | BO11: =INDIRECT("'"&D11&"'!"&"Y3") -> 0 | BP11: =INDIRECT("'"&D11&"'!"&"Y4") -> 0 | BQ11: =INDIRECT("'"&D11&"'!"&"Y5") -> 0 | BR11: =INDIRECT("'"&D11&"'!"&"Z3") -> 0 | BS11: =INDIRECT("'"&D11&"'!"&"Z4") -> 0 | BT11: =INDIRECT("'"&D11&"'!"&"Z5") -> 0 | BU11: =INDIRECT("'"&D11&"'!"&"X10") -> 0 | BV11: =INDIRECT("'"&D11&"'!"&"Y10") -> 0 | BW11: =INDIRECT("'"&D11&"'!"&"Z10") -> 0 | BY11: =(IF(INDIRECT("'"&D11&"'!"&"V1")=0,"-","-RVC="&INDIRECT("'"&D11&"'!"&"V1")))&IF(INDIRECT("'"&D11&"'!"&"X1")=0,"-","-GCS="&INDIRECT("'"&D11&"'!"&"X1")) -> -RVC=21- | CB11: =INDIRECT(CONCATENATE("'",$D11,"'!$AR$5")) -> NOT-YET | CC11: =SUM(CD11:CE11) -> 0 | CF11: =IFERROR(CG11/CC11,"-") -> - | CG11: =INDIRECT("'"&D11&"'!"&"AB3") -> 0 | CH11: =INDIRECT("'"&D11&"'!"&"AB4") -> 0 | CI11: =INDIRECT("'"&D11&"'!"&"AB5") -> 0 | CJ11: =INDIRECT("'"&D11&"'!"&"AC3") -> 0 | CK11: =INDIRECT("'"&D11&"'!"&"AC4") -> 0 | CL11: =INDIRECT("'"&D11&"'!"&"AC5") -> 0 | CM11: =INDIRECT("'"&D11&"'!"&"AD3") -> 0 | CN11: =INDIRECT("'"&D11&"'!"&"AD4") -> 0 | CO11: =INDIRECT("'"&D11&"'!"&"AD5") -> 0 | CP11: =INDIRECT("'"&D11&"'!"&"AB10") -> 0 | CQ11: =INDIRECT("'"&D11&"'!"&"AC10") -> 0 | CR11: =INDIRECT("'"&D11&"'!"&"AD10") -> 0 | CT11: =(IF(INDIRECT("'"&D11&"'!"&"Z1")=0,"-","-RVC="&INDIRECT("'"&D11&"'!"&"Z1")))&IF(INDIRECT("'"&D11&"'!"&"AB1")=0,"-","-GCS="&INDIRECT("'"&D11&"'!"&"AB1")) -> -- | CX11: =SUM(CY11:CZ11) -> 0 | DA11: =IFERROR(DB11/CX11,"-") -> - | DB11: =INDIRECT("'"&D11&"'!"&"AF3") -> 0 | DC11: =INDIRECT("'"&D11&"'!"&"AF4") -> 0 | DD11: =INDIRECT("'"&D11&"'!"&"AF5") -> 0 | DE11: =INDIRECT("'"&D11&"'!"&"AG3") -> 0 | DF11: =INDIRECT("'"&D11&"'!"&"AG4") -> 0 | DG11: =INDIRECT("'"&D11&"'!"&"AG5") -> 0 | DH11: =INDIRECT("'"&D11&"'!"&"AH3") -> 0 | DI11: =INDIRECT("'"&D11&"'!"&"AH4") -> 0 | DJ11: =INDIRECT("'"&D11&"'!"&"AH5") -> 0 | DK11: =INDIRECT("'"&D11&"'!"&"AF10") -> 0 | DL11: =INDIRECT("'"&D11&"'!"&"AG10") -> 0 | DM11: =INDIRECT("'"&D11&"'!"&"AH10") -> 0 | DO11: =(IF(INDIRECT("'"&D11&"'!"&"AD1")=0,"-","-RVC="&INDIRECT("'"&D11&"'!"&"AD1")))&IF(INDIRECT("'"&D11&"'!"&"AF1")=0,"-","-GCS="&INDIRECT("'"&D11&"'!"&"AF1")) -> --
C12: Bu_#1 | D12: Builder_SimultaneousBuild | E12: =INDIRECT("'"&D12&"'!"&"C6") -> 0 | F12: =G12-E12 -> 60 | G12: =INDIRECT("'"&D12&"'!"&"C1") -> 60 | H12: =INDIRECT("'"&D12&"'!"&"C2") -> 60 | I12: =G12-H12 -> 0 | J12: =SUM(K12:L12) -> 0 | K12: =COUNTIFS(INDIRECT("'"&D12&"'!"&"$K$15:$K$1000"),"*Pass*") -> 0 | L12: =COUNTIFS(INDIRECT("'"&D12&"'!"&"$K$15:$K$1000"),"*Fail*") -> 0 | M12: =COUNTIFS(INDIRECT("'"&D12&"'!"&"$K$15:$K$1000"),"*skip*") -> 0 | N12: =INDIRECT("'"&D12&"'!"&"E3") -> 0 | O12: =(IF(INDIRECT("'"&D12&"'!"&"L3")=0,"-","-RVC="&INDIRECT("'"&D12&"'!"&"L3")&"-"))&IF(INDIRECT("'"&D12&"'!"&"L4")=0,"-","-GCS="&INDIRECT("'"&D12&"'!"&"L4")&"-") -> -- | Q12: =INDIRECT(CONCATENATE("'",$D12,"'!$AN$12")) -> NOT-YET | R12: =SUM(S12:T12) -> 60 | S12: 60 | T12: 0 | U12: =IFERROR(V12/R12,"-") -> 1 | V12: =INDIRECT("'"&D12&"'!"&"P3") -> 60 | W12: =INDIRECT("'"&D12&"'!"&"P4") -> 60 | X12: =INDIRECT("'"&D12&"'!"&"P5") -> 0 | Y12: =INDIRECT("'"&D12&"'!"&"Q3") -> 60 | Z12: =INDIRECT("'"&D12&"'!"&"Q4") -> 60 | AA12: =INDIRECT("'"&D12&"'!"&"Q5") -> 0 | AB12: =INDIRECT("'"&D12&"'!"&"R3") -> 0 | AC12: =INDIRECT("'"&D12&"'!"&"R4") -> 0 | AD12: =INDIRECT("'"&D12&"'!"&"R5") -> 0 | AE12: =INDIRECT("'"&D12&"'!"&"P10") -> 0 | AF12: =INDIRECT("'"&D12&"'!"&"Q10") -> 0 | AG12: =INDIRECT("'"&D12&"'!"&"R10") -> 0 | AI12: =(IF(INDIRECT("'"&D12&"'!"&"P1")=0,"-","-RVC="&INDIRECT("'"&D12&"'!"&"P1")))&IF(INDIRECT("'"&D12&"'!"&"R1")=0,"-","-GCS="&INDIRECT("'"&D12&"'!"&"R1")) -> --GCS=60 | AK12: GCS | AL12: =INDIRECT(CONCATENATE("'",$D12,"'!$AR$3")) -> NOT-YET | AM12: =SUM(AN12:AO12) -> 60 | AN12: 60 | AO12: 0 | AP12: =IFERROR(AQ12/AM12,"-") -> 1 | AQ12: =INDIRECT("'"&D12&"'!"&"T3") -> 60 | AR12: =INDIRECT("'"&D12&"'!"&"T4") -> 60 | AS12: =INDIRECT("'"&D12&"'!"&"T5") -> 0 | AT12: =INDIRECT("'"&D12&"'!"&"U3") -> 60 | AU12: =INDIRECT("'"&D12&"'!"&"U4") -> 60 | AV12: =INDIRECT("'"&D12&"'!"&"U5") -> 0 | AW12: =INDIRECT("'"&D12&"'!"&"V3") -> 0 | AX12: =INDIRECT("'"&D12&"'!"&"V4") -> 0 | AY12: =INDIRECT("'"&D12&"'!"&"V5") -> 0 | AZ12: =INDIRECT("'"&D12&"'!"&"T10") -> 0 | BA12: =INDIRECT("'"&D12&"'!"&"U10") -> 0 | BB12: =INDIRECT("'"&D12&"'!"&"V10") -> 0 | BD12: =(IF(INDIRECT("'"&D12&"'!"&"T1")=0,"-","-RVC="&INDIRECT("'"&D12&"'!"&"T1")))&IF(INDIRECT("'"&D12&"'!"&"V1")=0,"-","-GCS="&INDIRECT("'"&D12&"'!"&"V1")) -> --GCS=60 | BF12: GCS | BG12: =INDIRECT(CONCATENATE("'",$D12,"'!$AR$4")) -> NOT-YET | BH12: =SUM(BI12:BJ12) -> 0 | BK12: =IFERROR(BL12/BH12,"-") -> - | BL12: =INDIRECT("'"&D12&"'!"&"X3") -> 0 | BM12: =INDIRECT("'"&D12&"'!"&"X4") -> 0 | BN12: =INDIRECT("'"&D12&"'!"&"X5") -> 0 | BO12: =INDIRECT("'"&D12&"'!"&"Y3") -> 0 | BP12: =INDIRECT("'"&D12&"'!"&"Y4") -> 0 | BQ12: =INDIRECT("'"&D12&"'!"&"Y5") -> 0 | BR12: =INDIRECT("'"&D12&"'!"&"Z3") -> 0 | BS12: =INDIRECT("'"&D12&"'!"&"Z4") -> 0 | BT12: =INDIRECT("'"&D12&"'!"&"Z5") -> 0 | BU12: =INDIRECT("'"&D12&"'!"&"X10") -> 0 | BV12: =INDIRECT("'"&D12&"'!"&"Y10") -> 0 | BW12: =INDIRECT("'"&D12&"'!"&"Z10") -> 0 | BY12: =(IF(INDIRECT("'"&D12&"'!"&"V1")=0,"-","-RVC="&INDIRECT("'"&D12&"'!"&"V1")))&IF(INDIRECT("'"&D12&"'!"&"X1")=0,"-","-GCS="&INDIRECT("'"&D12&"'!"&"X1")) -> -RVC=60- | CB12: =INDIRECT(CONCATENATE("'",$D12,"'!$AR$5")) -> NOT-YET | CC12: =SUM(CD12:CE12) -> 0 | CF12: =IFERROR(CG12/CC12,"-") -> - | CG12: =INDIRECT("'"&D12&"'!"&"AB3") -> 0 | CH12: =INDIRECT("'"&D12&"'!"&"AB4") -> 0 | CI12: =INDIRECT("'"&D12&"'!"&"AB5") -> 0 | CJ12: =INDIRECT("'"&D12&"'!"&"AC3") -> 0 | CK12: =INDIRECT("'"&D12&"'!"&"AC4") -> 0 | CL12: =INDIRECT("'"&D12&"'!"&"AC5") -> 0 | CM12: =INDIRECT("'"&D12&"'!"&"AD3") -> 0 | CN12: =INDIRECT("'"&D12&"'!"&"AD4") -> 0 | CO12: =INDIRECT("'"&D12&"'!"&"AD5") -> 0 | CP12: =INDIRECT("'"&D12&"'!"&"AB10") -> 0 | CQ12: =INDIRECT("'"&D12&"'!"&"AC10") -> 0 | CR12: =INDIRECT("'"&D12&"'!"&"AD10") -> 0 | CT12: =(IF(INDIRECT("'"&D12&"'!"&"Z1")=0,"-","-RVC="&INDIRECT("'"&D12&"'!"&"Z1")))&IF(INDIRECT("'"&D12&"'!"&"AB1")=0,"-","-GCS="&INDIRECT("'"&D12&"'!"&"AB1")) -> -- | CX12: =SUM(CY12:CZ12) -> 0 | DA12: =IFERROR(DB12/CX12,"-") -> - | DB12: =INDIRECT("'"&D12&"'!"&"AF3") -> 0 | DC12: =INDIRECT("'"&D12&"'!"&"AF4") -> 0 | DD12: =INDIRECT("'"&D12&"'!"&"AF5") -> 0 | DE12: =INDIRECT("'"&D12&"'!"&"AG3") -> 0 | DF12: =INDIRECT("'"&D12&"'!"&"AG4") -> 0 | DG12: =INDIRECT("'"&D12&"'!"&"AG5") -> 0 | DH12: =INDIRECT("'"&D12&"'!"&"AH3") -> 0 | DI12: =INDIRECT("'"&D12&"'!"&"AH4") -> 0 | DJ12: =INDIRECT("'"&D12&"'!"&"AH5") -> 0 | DK12: =INDIRECT("'"&D12&"'!"&"AF10") -> 0 | DL12: =INDIRECT("'"&D12&"'!"&"AG10") -> 0 | DM12: =INDIRECT("'"&D12&"'!"&"AH10") -> 0 | DO12: =(IF(INDIRECT("'"&D12&"'!"&"AD1")=0,"-","-RVC="&INDIRECT("'"&D12&"'!"&"AD1")))&IF(INDIRECT("'"&D12&"'!"&"AF1")=0,"-","-GCS="&INDIRECT("'"&D12&"'!"&"AF1")) -> --
C13: Bu_#1 | D13: Toolchain_Management_Regression | E13: =INDIRECT("'"&D13&"'!"&"C6") -> 0 | F13: =G13-E13 -> 29 | G13: =INDIRECT("'"&D13&"'!"&"C1") -> 29 | H13: =INDIRECT("'"&D13&"'!"&"C2") -> 0 | I13: =G13-H13 -> 29 | J13: =SUM(K13:L13) -> 0 | K13: =COUNTIFS(INDIRECT("'"&D13&"'!"&"$K$15:$K$1000"),"*Pass*") -> 0 | L13: =COUNTIFS(INDIRECT("'"&D13&"'!"&"$K$15:$K$1000"),"*Fail*") -> 0 | M13: =COUNTIFS(INDIRECT("'"&D13&"'!"&"$K$15:$K$1000"),"*skip*") -> 0 | N13: =INDIRECT("'"&D13&"'!"&"E3") -> 0 | O13: =(IF(INDIRECT("'"&D13&"'!"&"L3")=0,"-","-RVC="&INDIRECT("'"&D13&"'!"&"L3")&"-"))&IF(INDIRECT("'"&D13&"'!"&"L4")=0,"-","-GCS="&INDIRECT("'"&D13&"'!"&"L4")&"-") -> -- | Q13: =INDIRECT(CONCATENATE("'",$D13,"'!$AN$12")) -> N | R13: =SUM(S13:T13) -> 29 | S13: 0 | T13: 29 | U13: =IFERROR(V13/R13,"-") -> 1 | V13: =INDIRECT("'"&D13&"'!"&"P3") -> 29 | W13: =INDIRECT("'"&D13&"'!"&"P4") -> 29 | X13: =INDIRECT("'"&D13&"'!"&"P5") -> 0 | Y13: =INDIRECT("'"&D13&"'!"&"Q3") -> 0 | Z13: =INDIRECT("'"&D13&"'!"&"Q4") -> 0 | AA13: =INDIRECT("'"&D13&"'!"&"Q5") -> 0 | AB13: =INDIRECT("'"&D13&"'!"&"R3") -> 29 | AC13: =INDIRECT("'"&D13&"'!"&"R4") -> 29 | AD13: =INDIRECT("'"&D13&"'!"&"R5") -> 0 | AE13: =INDIRECT("'"&D13&"'!"&"P10") -> 0 | AF13: =INDIRECT("'"&D13&"'!"&"Q10") -> 0 | AG13: =INDIRECT("'"&D13&"'!"&"R10") -> 0 | AI13: =(IF(INDIRECT("'"&D13&"'!"&"P1")=0,"-","-RVC="&INDIRECT("'"&D13&"'!"&"P1")))&IF(INDIRECT("'"&D13&"'!"&"R1")=0,"-","-GCS="&INDIRECT("'"&D13&"'!"&"R1")) -> --GCS=29 | AK13: GCS | AL13: =INDIRECT(CONCATENATE("'",$D13,"'!$AR$3")) -> E | AM13: =SUM(AN13:AO13) -> 29 | AN13: 0 | AO13: 29 | AP13: =IFERROR(AQ13/AM13,"-") -> 1 | AQ13: =INDIRECT("'"&D13&"'!"&"T3") -> 29 | AR13: =INDIRECT("'"&D13&"'!"&"T4") -> 29 | AS13: =INDIRECT("'"&D13&"'!"&"T5") -> 0 | AT13: =INDIRECT("'"&D13&"'!"&"U3") -> 0 | AU13: =INDIRECT("'"&D13&"'!"&"U4") -> 0 | AV13: =INDIRECT("'"&D13&"'!"&"U5") -> 0 | AW13: =INDIRECT("'"&D13&"'!"&"V3") -> 29 | AX13: =INDIRECT("'"&D13&"'!"&"V4") -> 29 | AY13: =INDIRECT("'"&D13&"'!"&"V5") -> 0 | AZ13: =INDIRECT("'"&D13&"'!"&"T10") -> 0 | BA13: =INDIRECT("'"&D13&"'!"&"U10") -> 0 | BB13: =INDIRECT("'"&D13&"'!"&"V10") -> 0 | BD13: =(IF(INDIRECT("'"&D13&"'!"&"T1")=0,"-","-RVC="&INDIRECT("'"&D13&"'!"&"T1")))&IF(INDIRECT("'"&D13&"'!"&"V1")=0,"-","-GCS="&INDIRECT("'"&D13&"'!"&"V1")) -> --GCS=29 | BF13: GCS | BG13: =INDIRECT(CONCATENATE("'",$D13,"'!$AR$4")) -> E | BH13: =SUM(BI13:BJ13) -> 0 | BK13: =IFERROR(BL13/BH13,"-") -> - | BL13: =INDIRECT("'"&D13&"'!"&"X3") -> 0 | BM13: =INDIRECT("'"&D13&"'!"&"X4") -> 0 | BN13: =INDIRECT("'"&D13&"'!"&"X5") -> 0 | BO13: =INDIRECT("'"&D13&"'!"&"Y3") -> 0 | BP13: =INDIRECT("'"&D13&"'!"&"Y4") -> 0 | BQ13: =INDIRECT("'"&D13&"'!"&"Y5") -> 0 | BR13: =INDIRECT("'"&D13&"'!"&"Z3") -> 0 | BS13: =INDIRECT("'"&D13&"'!"&"Z4") -> 0 | BT13: =INDIRECT("'"&D13&"'!"&"Z5") -> 0 | BU13: =INDIRECT("'"&D13&"'!"&"X10") -> 0 | BV13: =INDIRECT("'"&D13&"'!"&"Y10") -> 0 | BW13: =INDIRECT("'"&D13&"'!"&"Z10") -> 0 | BY13: =(IF(INDIRECT("'"&D13&"'!"&"V1")=0,"-","-RVC="&INDIRECT("'"&D13&"'!"&"V1")))&IF(INDIRECT("'"&D13&"'!"&"X1")=0,"-","-GCS="&INDIRECT("'"&D13&"'!"&"X1")) -> -RVC=29- | CB13: =INDIRECT(CONCATENATE("'",$D13,"'!$AR$5")) -> NOT-YET | CC13: =SUM(CD13:CE13) -> 0 | CF13: =IFERROR(CG13/CC13,"-") -> - | CG13: =INDIRECT("'"&D13&"'!"&"AB3") -> 0 | CH13: =INDIRECT("'"&D13&"'!"&"AB4") -> 0 | CI13: =INDIRECT("'"&D13&"'!"&"AB5") -> 0 | CJ13: =INDIRECT("'"&D13&"'!"&"AC3") -> 0 | CK13: =INDIRECT("'"&D13&"'!"&"AC4") -> 0 | CL13: =INDIRECT("'"&D13&"'!"&"AC5") -> 0 | CM13: =INDIRECT("'"&D13&"'!"&"AD3") -> 0 | CN13: =INDIRECT("'"&D13&"'!"&"AD4") -> 0 | CO13: =INDIRECT("'"&D13&"'!"&"AD5") -> 0 | CP13: =INDIRECT("'"&D13&"'!"&"AB10") -> 0 | CQ13: =INDIRECT("'"&D13&"'!"&"AC10") -> 0 | CR13: =INDIRECT("'"&D13&"'!"&"AD10") -> 0 | CT13: =(IF(INDIRECT("'"&D13&"'!"&"Z1")=0,"-","-RVC="&INDIRECT("'"&D13&"'!"&"Z1")))&IF(INDIRECT("'"&D13&"'!"&"AB1")=0,"-","-GCS="&INDIRECT("'"&D13&"'!"&"AB1")) -> -- | CX13: =SUM(CY13:CZ13) -> 0 | DA13: =IFERROR(DB13/CX13,"-") -> - | DB13: =INDIRECT("'"&D13&"'!"&"AF3") -> 0 | DC13: =INDIRECT("'"&D13&"'!"&"AF4") -> 0 | DD13: =INDIRECT("'"&D13&"'!"&"AF5") -> 0 | DE13: =INDIRECT("'"&D13&"'!"&"AG3") -> 0 | DF13: =INDIRECT("'"&D13&"'!"&"AG4") -> 0 | DG13: =INDIRECT("'"&D13&"'!"&"AG5") -> 0 | DH13: =INDIRECT("'"&D13&"'!"&"AH3") -> 0 | DI13: =INDIRECT("'"&D13&"'!"&"AH4") -> 0 | DJ13: =INDIRECT("'"&D13&"'!"&"AH5") -> 0 | DK13: =INDIRECT("'"&D13&"'!"&"AF10") -> 0 | DL13: =INDIRECT("'"&D13&"'!"&"AG10") -> 0 | DM13: =INDIRECT("'"&D13&"'!"&"AH10") -> 0 | DO13: =(IF(INDIRECT("'"&D13&"'!"&"AD1")=0,"-","-RVC="&INDIRECT("'"&D13&"'!"&"AD1")))&IF(INDIRECT("'"&D13&"'!"&"AF1")=0,"-","-GCS="&INDIRECT("'"&D13&"'!"&"AF1")) -> --
C14: Bu_#1 | D14: CustomPhases | E14: =INDIRECT("'"&D14&"'!"&"C6") -> 0 | F14: =G14-E14 -> 11 | G14: =INDIRECT("'"&D14&"'!"&"C1") -> 11 | H14: =INDIRECT("'"&D14&"'!"&"C2") -> 0 | I14: =G14-H14 -> 11 | J14: =SUM(K14:L14) -> 0 | K14: =COUNTIFS(INDIRECT("'"&D14&"'!"&"$K$15:$K$1000"),"*Pass*") -> 0 | L14: =COUNTIFS(INDIRECT("'"&D14&"'!"&"$K$15:$K$1000"),"*Fail*") -> 0 | M14: =COUNTIFS(INDIRECT("'"&D14&"'!"&"$K$15:$K$1000"),"*skip*") -> 0 | N14: =INDIRECT("'"&D14&"'!"&"E3") -> 0 | O14: =(IF(INDIRECT("'"&D14&"'!"&"L3")=0,"-","-RVC="&INDIRECT("'"&D14&"'!"&"L3")&"-"))&IF(INDIRECT("'"&D14&"'!"&"L4")=0,"-","-GCS="&INDIRECT("'"&D14&"'!"&"L4")&"-") -> -- | Q14: =INDIRECT(CONCATENATE("'",$D14,"'!$AN$12")) -> E | R14: =SUM(S14:T14) -> 11 | S14: 0 | T14: 11 | U14: =IFERROR(V14/R14,"-") -> 1 | V14: =INDIRECT("'"&D14&"'!"&"P3") -> 11 | W14: =INDIRECT("'"&D14&"'!"&"P4") -> 11 | X14: =INDIRECT("'"&D14&"'!"&"P5") -> 0 | Y14: =INDIRECT("'"&D14&"'!"&"Q3") -> 0 | Z14: =INDIRECT("'"&D14&"'!"&"Q4") -> 0 | AA14: =INDIRECT("'"&D14&"'!"&"Q5") -> 0 | AB14: =INDIRECT("'"&D14&"'!"&"R3") -> 11 | AC14: =INDIRECT("'"&D14&"'!"&"R4") -> 11 | AD14: =INDIRECT("'"&D14&"'!"&"R5") -> 0 | AE14: =INDIRECT("'"&D14&"'!"&"P10") -> 0 | AF14: =INDIRECT("'"&D14&"'!"&"Q10") -> 0 | AG14: =INDIRECT("'"&D14&"'!"&"R10") -> 0 | AI14: =(IF(INDIRECT("'"&D14&"'!"&"P1")=0,"-","-RVC="&INDIRECT("'"&D14&"'!"&"P1")))&IF(INDIRECT("'"&D14&"'!"&"R1")=0,"-","-GCS="&INDIRECT("'"&D14&"'!"&"R1")) -> --GCS=11 | AK14: GCS | AL14: =INDIRECT(CONCATENATE("'",$D14,"'!$AR$3")) -> NOT-YET | AM14: =SUM(AN14:AO14) -> 11 | AN14: 0 | AO14: 11 | AP14: =IFERROR(AQ14/AM14,"-") -> 1 | AQ14: =INDIRECT("'"&D14&"'!"&"T3") -> 11 | AR14: =INDIRECT("'"&D14&"'!"&"T4") -> 11 | AS14: =INDIRECT("'"&D14&"'!"&"T5") -> 0 | AT14: =INDIRECT("'"&D14&"'!"&"U3") -> 0 | AU14: =INDIRECT("'"&D14&"'!"&"U4") -> 0 | AV14: =INDIRECT("'"&D14&"'!"&"U5") -> 0 | AW14: =INDIRECT("'"&D14&"'!"&"V3") -> 11 | AX14: =INDIRECT("'"&D14&"'!"&"V4") -> 11 | AY14: =INDIRECT("'"&D14&"'!"&"V5") -> 0 | AZ14: =INDIRECT("'"&D14&"'!"&"T10") -> 0 | BA14: =INDIRECT("'"&D14&"'!"&"U10") -> 0 | BB14: =INDIRECT("'"&D14&"'!"&"V10") -> 0 | BD14: =(IF(INDIRECT("'"&D14&"'!"&"T1")=0,"-","-RVC="&INDIRECT("'"&D14&"'!"&"T1")))&IF(INDIRECT("'"&D14&"'!"&"V1")=0,"-","-GCS="&INDIRECT("'"&D14&"'!"&"V1")) -> --GCS=11 | BF14: GCS | BG14: =INDIRECT(CONCATENATE("'",$D14,"'!$AR$4")) -> NOT-YET | BH14: =SUM(BI14:BJ14) -> 0 | BK14: =IFERROR(BL14/BH14,"-") -> - | BL14: =INDIRECT("'"&D14&"'!"&"X3") -> 0 | BM14: =INDIRECT("'"&D14&"'!"&"X4") -> 0 | BN14: =INDIRECT("'"&D14&"'!"&"X5") -> 0 | BO14: =INDIRECT("'"&D14&"'!"&"Y3") -> 0 | BP14: =INDIRECT("'"&D14&"'!"&"Y4") -> 0 | BQ14: =INDIRECT("'"&D14&"'!"&"Y5") -> 0 | BR14: =INDIRECT("'"&D14&"'!"&"Z3") -> 0 | BS14: =INDIRECT("'"&D14&"'!"&"Z4") -> 0 | BT14: =INDIRECT("'"&D14&"'!"&"Z5") -> 0 | BU14: =INDIRECT("'"&D14&"'!"&"X10") -> 0 | BV14: =INDIRECT("'"&D14&"'!"&"Y10") -> 0 | BW14: =INDIRECT("'"&D14&"'!"&"Z10") -> 0 | BY14: =(IF(INDIRECT("'"&D14&"'!"&"V1")=0,"-","-RVC="&INDIRECT("'"&D14&"'!"&"V1")))&IF(INDIRECT("'"&D14&"'!"&"X1")=0,"-","-GCS="&INDIRECT("'"&D14&"'!"&"X1")) -> -RVC=11- | CB14: =INDIRECT(CONCATENATE("'",$D14,"'!$AR$5")) -> NOT-YET | CC14: =SUM(CD14:CE14) -> 0 | CF14: =IFERROR(CG14/CC14,"-") -> - | CG14: =INDIRECT("'"&D14&"'!"&"AB3") -> 0 | CH14: =INDIRECT("'"&D14&"'!"&"AB4") -> 0 | CI14: =INDIRECT("'"&D14&"'!"&"AB5") -> 0 | CJ14: =INDIRECT("'"&D14&"'!"&"AC3") -> 0 | CK14: =INDIRECT("'"&D14&"'!"&"AC4") -> 0 | CL14: =INDIRECT("'"&D14&"'!"&"AC5") -> 0 | CM14: =INDIRECT("'"&D14&"'!"&"AD3") -> 0 | CN14: =INDIRECT("'"&D14&"'!"&"AD4") -> 0 | CO14: =INDIRECT("'"&D14&"'!"&"AD5") -> 0 | CP14: =INDIRECT("'"&D14&"'!"&"AB10") -> 0 | CQ14: =INDIRECT("'"&D14&"'!"&"AC10") -> 0 | CR14: =INDIRECT("'"&D14&"'!"&"AD10") -> 0 | CT14: =(IF(INDIRECT("'"&D14&"'!"&"Z1")=0,"-","-RVC="&INDIRECT("'"&D14&"'!"&"Z1")))&IF(INDIRECT("'"&D14&"'!"&"AB1")=0,"-","-GCS="&INDIRECT("'"&D14&"'!"&"AB1")) -> -- | CX14: =SUM(CY14:CZ14) -> 0 | DA14: =IFERROR(DB14/CX14,"-") -> - | DB14: =INDIRECT("'"&D14&"'!"&"AF3") -> 0 | DC14: =INDIRECT("'"&D14&"'!"&"AF4") -> 0 | DD14: =INDIRECT("'"&D14&"'!"&"AF5") -> 0 | DE14: =INDIRECT("'"&D14&"'!"&"AG3") -> 0 | DF14: =INDIRECT("'"&D14&"'!"&"AG4") -> 0 | DG14: =INDIRECT("'"&D14&"'!"&"AG5") -> 0 | DH14: =INDIRECT("'"&D14&"'!"&"AH3") -> 0 | DI14: =INDIRECT("'"&D14&"'!"&"AH4") -> 0 | DJ14: =INDIRECT("'"&D14&"'!"&"AH5") -> 0 | DK14: =INDIRECT("'"&D14&"'!"&"AF10") -> 0 | DL14: =INDIRECT("'"&D14&"'!"&"AG10") -> 0 | DM14: =INDIRECT("'"&D14&"'!"&"AH10") -> 0 | DO14: =(IF(INDIRECT("'"&D14&"'!"&"AD1")=0,"-","-RVC="&INDIRECT("'"&D14&"'!"&"AD1")))&IF(INDIRECT("'"&D14&"'!"&"AF1")=0,"-","-GCS="&INDIRECT("'"&D14&"'!"&"AF1")) -> --

Sheet Builder_Common
A1: Total test cases | C1: =COUNTA($D$15:$D$1000)-COUNTIF($K$15:$K$1000,"-") -> 157 | D1: [Auto limitation] | E1: =COUNTIF($L$15:$L$1000,D1) -> 0 | O1: RVC | P1: =COUNTIFS(Q15:Q1000,"*RVC*") -> 0 | Q1: GCS | R1: =COUNTIFS(Q15:Q1000,"*GCS*") -> 157 | S1: RVC | T1: =COUNTIFS(U15:U1000,"*RVC*") -> 0 | U1: GCS | V1: =COUNTIFS(U15:U1000,"*GCS*") -> 157 | W1: RVC | X1: =COUNTIFS(Y15:Y1000,"*RVC*") -> 0 | Y1: GCS | Z1: =COUNTIFS(Y15:Y1000,"*GCS*") -> 0 | AA1: RVC | AB1: =COUNTIFS(AC15:AC1000,"*RVC*") -> 0 | AC1: GCS | AD1: =COUNTIFS(AC15:AC1000,"*GCS*") -> 0 | AE1: RVC | AF1: =COUNTIFS(AG15:AG1000,"*RVC*") -> 0 | AG1: GCS | AH1: =COUNTIFS(AG15:AG1000,"*GCS*") -> 0
B2: Auto | C2: =SUM(COUNTIF($L$15:$L$1000,{"*Ju*","*RCP*"})) -> 139 | D2: [Lack of equipment] | E2: =COUNTIF($L$15:$L$1000,D2) -> 0 | P2: Total | Q2: Auto | R2: Manual | T2: Total | U2: Auto | V2: Manual | X2: Total | Y2: Auto | Z2: Manual | AB2: Total | AC2: Auto | AD2: Manual | AF2: Total | AG2: Auto | AH2: Manual | AI2: Time | AJ2: Tester | AK2: Num of TC | AM2: Select the RUN: | AN2: =Summary!P2 -> 1 | AO2: Total time | AP2: Total TCs | AQ2: Average time | AR2: Deff. Level
B3: Manual | C3: =C1-C2 -> 18 | H3: Deff. Level | I3: TCs | J3: Time | M3: RVC | N3: =COUNTIFS($N$15:$N$1000,"*RVC*") -> 0 | O3: Executed TCs | P3: =SUM(Q3:R3) -> 157 | Q3: =SUM(Q4:Q5) -> 139 | R3: =SUM(R4:R5) -> 18 | S3: Executed TCs | T3: =SUM(U3:V3) -> 157 | U3: =SUM(U4:U5) -> 139 | V3: =SUM(V4:V5) -> 18 | W3: Executed TCs | X3: =SUM(Y3:Z3) -> 0 | Y3: =SUM(Y4:Y5) -> 0 | Z3: =SUM(Z4:Z5) -> 0 | AA3: Executed TCs | AB3: =SUM(AC3:AD3) -> 0 | AC3: =SUM(AC4:AC5) -> 0 | AD3: =SUM(AD4:AD5) -> 0 | AE3: Executed TCs | AF3: =SUM(AG3:AH3) -> 0 | AG3: =SUM(AG4:AG5) -> 0 | AH3: =SUM(AH4:AH5) -> 0 | AI3: =SUMIFS($AI$15:$AI$1500,$L$15:$L$1500,"*Manual*", INDIRECT(VLOOKUP($AN$2,$AM$3:$AN$7,2,FALSE)),"*"&AJ3&"*") -> 0 | AJ3: Tuan | AK3: =COUNTIFS($L$15:$L$1500, "*Manual*", INDIRECT(VLOOKUP($AN$2,$AM$3:$AN$7,2,FALSE)), "*"&AJ3&"*") -> 0 | AM3: 1 | AN3: $Q$15:$Q$1500 | AO3: =SUMIFS($AI$15:$AI$1500,$L$15:$L$1500,"*Manual*", INDIRECT(AN3),"<>"&"") -> 115 | AP3: =COUNTIFS($L$15:$L$1500,"*Manual*",INDIRECT(AN3),"<>"&"") -> 18 | AQ3: =IFERROR(AO3/AP3,0) -> 6.3888889 | AR3: =IF(AQ3>0,IF(AQ3>=14,"D",IF(AQ3>=8,"N","E")),"NOT-YET") -> E
H4: D | I4: =COUNTIFS($L$15:$L$1500,"*Manual*",INDIRECT(VLOOKUP($AN$2,$AM$3:$AN$7,2,FALSE)), "<>"&"", $AI$15:$AI$1500,"*"&H4&"*") -> 0 | J4: =SUMIFS($AI$15:$AI$1500,$L$15:$L$1500,"*Manual*", INDIRECT(VLOOKUP($AN$2,$AM$3:$AN$7,2,FALSE)),"<>"&"",$AJ$15:$AJ$1500,"*"&H4&"*") -> 60 | M4: GCS | N4: =COUNTIFS($N$15:$N$1000,"*GCS*") -> 157 | O4: Pass | P4: =COUNTIF(O$15:O$1000,O4) -> 152 | Q4: =SUM(COUNTIFS(Q$15:Q$2500,{"*Ju*","*RCP*"},O$15:O$2500,O4)) -> 135 | R4: =P4-Q4 -> 17 | S4: Pass | T4: =COUNTIF(S$15:S$1000,S4) -> 153 | U4: =SUM(COUNTIFS(U$15:U$2500,{"*Ju*","*RCP*"},S$15:S$2500,S4)) -> 135 | V4: =T4-U4 -> 18 | W4: Pass | X4: =COUNTIF(W$15:W$1000,W4) -> 0 | Y4: =SUM(COUNTIFS(Y$15:Y$2500,{"*Ju*","*RCP*"},W$15:W$2500,W4)) -> 0 | Z4: =X4-Y4 -> 0 | AA4: Pass | AB4: =COUNTIF(AA$15:AA$1000,AA4) -> 0 | AC4: =SUM(COUNTIFS(AC$15:AC$2500,{"*Ju*","*RCP*"},AA$15:AA$2500,AA4)) -> 0 | AD4: =AB4-AC4 -> 0 | AE4: Pass | AF4: =COUNTIF(AE$15:AE$1000,AE4) -> 0 | AG4: =SUM(COUNTIFS(AG$15:AG$2500,{"*Ju*","*RCP*"},AE$15:AE$2500,AE4)) -> 0 | AH4: =AF4-AG4 -> 0 | AI4: =SUMIFS($AI$15:$AI$1500,$L$15:$L$1500,"*Manual*", INDIRECT(VLOOKUP($AN$2,$AM$3:$AN$7,2,FALSE)),"*"&AJ4&"*") -> 0 | AJ4: Long | AK4: =COUNTIFS($L$15:$L$1500, "*Manual*", INDIRECT(VLOOKUP($AN$2,$AM$3:$AN$7,2,FALSE)), "*"&AJ4&"*") -> 0 | AM4: 2 | AN4: $U$15:$U$1500 | AO4: =SUMIFS($AI$15:$AI$1500,$L$15:$L$1500,"*Manual*", INDIRECT(AN4),"<>"&"") -> 115 | AP4: =COUNTIFS($L$15:$L$1500,"*Manual*",INDIRECT(AN4),"<>"&"") -> 18 | AQ4: =IFERROR(AO4/AP4,0) -> 6.3888889 | AR4: =IF(AQ4>0,IF(AQ4>=14,"D",IF(AQ4>=8,"N","E")),"NOT-YET") -> E
H5: N | I5: =COUNTIFS($L$15:$L$1500,"*Manual*",INDIRECT(VLOOKUP($AN$2,$AM$3:$AN$7,2,FALSE)), "<>"&"", $AI$15:$AI$1500,"*"&H5&"*") -> 0 | J5: =SUMIFS($AI$15:$AI$1500,$L$15:$L$1500,"*Manual*", INDIRECT(VLOOKUP($AN$2,$AM$3:$AN$7,2,FALSE)),"<>"&"",$AJ$15:$AJ$1500,"*"&H5&"*") -> 10 | M5: Pass | N5: =COUNTIFS($M$15:$M$1000,"*Pass*") -> 153 | O5: Fail | P5: =SUM(P6:P9) -> 5 | Q5: =SUM(Q6:Q9) -> 4 | R5: =SUM(R6:R9) -> 1 | S5: Fail | T5: =SUM(T6:T9) -> 4 | U5: =SUM(U6:U9) -> 4 | V5: =SUM(V6:V9) -> 0 | W5: Fail | X5: =SUM(X6:X9) -> 0 | Y5: =SUM(Y6:Y9) -> 0 | Z5: =SUM(Z6:Z9) -> 0 | AA5: Fail | AB5: =SUM(AB6:AB9) -> 0 | AC5: =SUM(AC6:AC9) -> 0 | AD5: =SUM(AD6:AD9) -> 0 | AE5: Fail | AF5: =SUM(AF6:AF9) -> 0 | AG5: =SUM(AG6:AG9) -> 0 | AH5: =SUM(AH6:AH9) -> 0 | AI5: =SUMIFS($AI$15:$AI$1500,$L$15:$L$1500,"*Manual*", INDIRECT(VLOOKUP($AN$2,$AM$3:$AN$7,2,FALSE)),"*"&AJ5&"*") -> 22 | AJ5: Linh | AK5: =COUNTIFS($L$15:$L$1500, "*Manual*", INDIRECT(VLOOKUP($AN$2,$AM$3:$AN$7,2,FALSE)), "*"&AJ5&"*") -> 2 | AM5: 3 | AN5: $Y$15:$Y$1500 | AO5: =SUMIFS($AI$15:$AI$1500,$L$15:$L$1500,"*Manual*", INDIRECT(AN5),"<>"&"") -> 0 | AP5: =COUNTIFS($L$15:$L$1500,"*Manual*",INDIRECT(AN5),"<>"&"") -> 0 | AQ5: =IFERROR(AO5/AP5,0) -> 0 | AR5: =IF(AQ5>0,IF(AQ5>=14,"D",IF(AQ5>=8,"N","E")),"NOT-YET") -> NOT-YET
A6: New in 5.3 RT | C6: =COUNTIF($K$15:$K$1000,"5.3") -> 0 | H6: E | I6: =COUNTIFS($L$15:$L$1500,"*Manual*",INDIRECT(VLOOKUP($AN$2,$AM$3:$AN$7,2,FALSE)), "<>"&"", $AI$15:$AI$1500,"*"&H6&"*") -> 0 | J6: =SUMIFS($AI$15:$AI$1500,$L$15:$L$1500,"*Manual*", INDIRECT(VLOOKUP($AN$2,$AM$3:$AN$7,2,FALSE)),"<>"&"",$AJ$15:$AJ$1500,"*"&H6&"*") -> 45 | M6: Fail | N6: =COUNTIFS($M$15:$M$1000,"*Fail*") -> 4 | O6: Fail (New) | P6: =COUNTIF(O$15:O$1000,"*"&O6&"*") -> 0 | Q6: =SUM(COUNTIFS(Q$15:Q$2500,{"*Ju*","*RCP*"},O$15:O$2500,O6)) -> 0 | R6: =P6-Q6 -> 0 | S6: Fail (New) | T6: =COUNTIF(S$15:S$1000,"*"&S6&"*") -> 0 | U6: =SUM(COUNTIFS(U$15:U$2500,{"*Ju*","*RCP*"},S$15:S$2500,S6)) -> 0 | V6: =T6-U6 -> 0 | W6: Fail (New) | X6: =COUNTIF(W$15:W$1000,"*"&W6&"*") -> 0 | Y6: =SUM(COUNTIFS(Y$15:Y$2500,{"*Ju*","*RCP*"},W$15:W$2500,W6)) -> 0 | Z6: =X6-Y6 -> 0 | AA6: Fail (New) | AB6: =COUNTIF(AA$15:AA$1000,"*"&AA6&"*") -> 0 | AC6: =SUM(COUNTIFS(AC$15:AC$2500,{"*Ju*","*RCP*"},AA$15:AA$2500,AA6)) -> 0 | AD6: =AB6-AC6 -> 0 | AE6: Fail (New) | AF6: =COUNTIF(AE$15:AE$1000,"*"&AE6&"*") -> 0 | AG6: =SUM(COUNTIFS(AG$15:AG$2500,{"*Ju*","*RCP*"},AE$15:AE$2500,AE6)) -> 0 | AH6: =AF6-AG6 -> 0 | AI6: =SUMIFS($AI$15:$AI$1500,$L$15:$L$1500,"*Manual*", INDIRECT(VLOOKUP($AN$2,$AM$3:$AN$7,2,FALSE)),"*"&AJ6&"*") -> 93 | AJ6: Muoi | AK6: =COUNTIFS($L$15:$L$1500, "*Manual*", INDIRECT(VLOOKUP($AN$2,$AM$3:$AN$7,2,FALSE)), "*"&AJ6&"*") -> 16 | AM6: 4 | AN6: $AC$15:$AC$1500 | AO6: =SUMIFS($AI$15:$AI$1500,$L$15:$L$1500,"*Manual*", INDIRECT(AN6),"<>"&"") -> 0 | AP6: =COUNTIFS($L$15:$L$1500,"*Manual*",INDIRECT(AN6),"<>"&"") -> 0 | AQ6: =IFERROR(AO6/AP6,0) -> 0 | AR6: =IF(AQ6>0,IF(AQ6>=14,"D",IF(AQ6>=8,"N","E")),"NOT-YET") -> NOT-YET
M7: Skip | N7: =COUNTIFS($M$15:$M$1000,"*Skip*") -> 0 | O7: Fail (Existing) | P7: =COUNTIF(O$15:O$1000,"*"&O7&"*") -> 0 | Q7: =SUM(COUNTIFS(Q$15:Q$2500,{"*Ju*","*RCP*"},O$15:O$2500,O7)) -> 0 | R7: =P7-Q7 -> 0 | S7: Fail (Existing) | T7: =COUNTIF(S$15:S$1000,"*"&S7&"*") -> 0 | U7: =SUM(COUNTIFS(U$15:U$2500,{"*Ju*","*RCP*"},S$15:S$2500,S7)) -> 0 | V7: =T7-U7 -> 0 | W7: Fail (Existing) | X7: =COUNTIF(W$15:W$1000,"*"&W7&"*") -> 0 | Y7: =SUM(COUNTIFS(Y$15:Y$2500,{"*Ju*","*RCP*"},W$15:W$2500,W7)) -> 0 | Z7: =X7-Y7 -> 0 | AA7: Fail (Existing) | AB7: =COUNTIF(AA$15:AA$1000,"*"&AA7&"*") -> 0 | AC7: =SUM(COUNTIFS(AC$15:AC$2500,{"*Ju*","*RCP*"},AA$15:AA$2500,AA7)) -> 0 | AD7: =AB7-AC7 -> 0 | AE7: Fail (Existing) | AF7: =COUNTIF(AE$15:AE$1000,"*"&AE7&"*") -> 0 | AG7: =SUM(COUNTIFS(AG$15:AG$2500,{"*Ju*","*RCP*"},AE$15:AE$2500,AE7)) -> 0 | AH7: =AF7-AG7 -> 0 | AI7: =SUMIFS($AI$15:$AI$1500,$L$15:$L$1500,"*Manual*", INDIRECT(VLOOKUP($AN$2,$AM$3:$AN$7,2,FALSE)),"*"&AJ7&"*") -> 0 | AJ7: Thinh | AK7: =COUNTIFS($L$15:$L$1500, "*Manual*", INDIRECT(VLOOKUP($AN$2,$AM$3:$AN$7,2,FALSE)), "*"&AJ7&"*") -> 0 | AM7: 5 | AN7: $AG$15:$AG$1500 | AO7: =SUMIFS($AI$15:$AI$1500,$L$15:$L$1500,"*Manual*", INDIRECT(AN7),"<>"&"") -> 0 | AP7: =COUNTIFS($L$15:$L$1500,"*Manual*",INDIRECT(AN7),"<>"&"") -> 0 | AQ7: =IFERROR(AO7/AP7,0) -> 0 | AR7: =IF(AQ7>0,IF(AQ7>=14,"D",IF(AQ7>=8,"N","E")),"NOT-YET") -> NOT-YET
H8: Number of TC that has time bigger than 60 minutes | I8: =COUNTIFS($L$15:$L$1500,"*Manual*",INDIRECT(VLOOKUP($AN$2,$AM$3:$AN$7,2,FALSE)), "<>"&"", $AI$15:$AI$1500,">=60") -> 0 | J8: =SUMIFS($AI$15:$AI$1500,$L$15:$L$1500,"*Manual*", INDIRECT(VLOOKUP($AN$2,$AM$3:$AN$7,2,FALSE)),"<>"&"",$AI$15:$AI$1500,">=60") -> 0 | O8: Fail (Degrade) | P8: =COUNTIF(O$15:O$1000,"*"&O8&"*") -> 0 | Q8: =SUM(COUNTIFS(Q$15:Q$2500,{"*Ju*","*RCP*"},O$15:O$2500,O8)) -> 0 | R8: =P8-Q8 -> 0 | S8: Fail (Degrade) | T8: =COUNTIF(S$15:S$1000,"*"&S8&"*") -> 0 | U8: =SUM(COUNTIFS(U$15:U$2500,{"*Ju*","*RCP*"},S$15:S$2500,S8)) -> 0 | V8: =T8-U8 -> 0 | W8: Fail (Degrade) | X8: =COUNTIF(W$15:W$1000,"*"&W8&"*") -> 0 | Y8: =SUM(COUNTIFS(Y$15:Y$2500,{"*Ju*","*RCP*"},W$15:W$2500,W8)) -> 0 | Z8: =X8-Y8 -> 0 | AA8: Fail (Degrade) | AB8: =COUNTIF(AA$15:AA$1000,"*"&AA8&"*") -> 0 | AC8: =SUM(COUNTIFS(AC$15:AC$2500,{"*Ju*","*RCP*"},AA$15:AA$2500,AA8)) -> 0 | AD8: =AB8-AC8 -> 0 | AE8: Fail (Degrade) | AF8: =COUNTIF(AE$15:AE$1000,"*"&AE8&"*") -> 0 | AG8: =SUM(COUNTIFS(AG$15:AG$2500,{"*Ju*","*RCP*"},AE$15:AE$2500,AE8)) -> 0 | AH8: =AF8-AG8 -> 0 | AI8: =SUMIFS($AI$15:$AI$1500,$L$15:$L$1500,"*Manual*", INDIRECT(VLOOKUP($AN$2,$AM$3:$AN$7,2,FALSE)),"*"&AJ8&"*") -> 0 | AJ8: Quang | AK8: =COUNTIFS($L$15:$L$1500, "*Manual*", INDIRECT(VLOOKUP($AN$2,$AM$3:$AN$7,2,FALSE)), "*"&AJ8&"*") -> 0
O9: Fail (Known) | P9: =COUNTIF(O$15:O$1000,"*"&O9&"*") -> 5 | Q9: =SUM(COUNTIFS(Q$15:Q$2500,{"*Ju*","*RCP*"},O$15:O$2500,O9)) -> 4 | R9: =P9-Q9 -> 1 | S9: Fail (Known) | T9: =COUNTIF(S$15:S$1000,"*"&S9&"*") -> 4 | U9: =SUM(COUNTIFS(U$15:U$2500,{"*Ju*","*RCP*"},S$15:S$2500,S9)) -> 4 | V9: =T9-U9 -> 0 | W9: Fail (Known) | X9: =COUNTIF(W$15:W$1000,"*"&W9&"*") -> 0 | Y9: =SUM(COUNTIFS(Y$15:Y$2500,{"*Ju*","*RCP*"},W$15:W$2500,W9)) -> 0 | Z9: =X9-Y9 -> 0 | AA9: Fail (Known) | AB9: =COUNTIF(AA$15:AA$1000,"*"&AA9&"*") -> 0 | AC9: =SUM(COUNTIFS(AC$15:AC$2500,{"*Ju*","*RCP*"},AA$15:AA$2500,AA9)) -> 0 | AD9: =AB9-AC9 -> 0 | AE9: Fail (Known) | AF9: =COUNTIF(AE$15:AE$1000,"*"&AE9&"*") -> 0 | AG9: =SUM(COUNTIFS(AG$15:AG$2500,{"*Ju*","*RCP*"},AE$15:AE$2500,AE9)) -> 0 | AH9: =AF9-AG9 -> 0 | AI9: =SUMIFS($AI$15:$AI$1500,$L$15:$L$1500,"*Manual*", INDIRECT(VLOOKUP($AN$2,$AM$3:$AN$7,2,FALSE)),"*"&AJ9&"*") -> 0 | AJ9: Anh | AK9: =COUNTIFS($L$15:$L$1500, "*Manual*", INDIRECT(VLOOKUP($AN$2,$AM$3:$AN$7,2,FALSE)), "*"&AJ9&"*") -> 0
O10: Skip | P10: =COUNTIF(O$15:O$1000,"*"&O10&"*") -> 0 | Q10: =SUM(COUNTIFS(Q$15:Q$2500,{"*Ju*","*RCP*"},O$15:O$2500,O10)) -> 0 | R10: =P10-Q10 -> 0 | S10: Skip | T10: =COUNTIF(S$15:S$1000,"*"&S10&"*") -> 0 | U10: =SUM(COUNTIFS(U$15:U$2500,{"*Ju*","*RCP*"},S$15:S$2500,S10)) -> 0 | V10: =T10-U10 -> 0 | W10: Skip | X10: =COUNTIF(W$15:W$1000,"*"&W10&"*") -> 0 | Y10: =SUM(COUNTIFS(Y$15:Y$2500,{"*Ju*","*RCP*"},W$15:W$2500,W10)) -> 0 | Z10: =X10-Y10 -> 0 | AA10: Skip | AB10: =COUNTIF(AA$15:AA$1000,"*"&AA10&"*") -> 0 | AC10: =SUM(COUNTIFS(AC$15:AC$2500,{"*Ju*","*RCP*"},AA$15:AA$2500,AA10)) -> 0 | AD10: =AB10-AC10 -> 0 | AE10: Skip | AF10: =COUNTIF(AE$15:AE$1000,"*"&AE10&"*") -> 0 | AG10: =SUM(COUNTIFS(AG$15:AG$2500,{"*Ju*","*RCP*"},AE$15:AE$2500,AE10)) -> 0 | AH10: =AF10-AG10 -> 0 | AI10: =SUM(AI3:AI9) -> 115 | AJ10: =IFERROR($AG$10/$AI$10,0) -> 0 | AK10: =SUM(AK3:AK9) -> 18
O11: 1 | S11: 2 | W11: 3 | AA11: 4 | AE11: 5 | AI11: Actual | AM11: GCS/Plan
O12: =Summary!R4 -> e2studio_v5.4.0.001-Part1 | S12: =Summary!AM4 -> e2studio_v5.4.0.005 | W12: =Summary!BH4 -> TBD | AA12: =Summary!CC4 -> TBD | AE12: =Summary!CX4 -> TBD | AI12: =SUM(AI15:AI1500) -> 115 | AJ12: =IF($AJ$10>0,IF($AJ$10>=14,"D",IF($AJ$10>=8,"N","E")),"NOT-YET") -> NOT-YET | AM12: =SUM($AM$15:$AM$1500) -> 241 | AN12: =IF(AM12>0,IF($AN$14>=14,"D",IF($AN$14>=8,"N","E")),"NOT-YET") -> N
B13: ID | C13: Test items | D13: Test cases | E13: Expected result | F13: Device- Debugger- Compiler | G13: RCPTT memo (RSD only) | I13: PCL notes | J13: PCL creator | K13: Added to RT of e2s version | L13: Auto | M13: Result on e2 studio v5.3, SSP_1.2.0-b.1 | O13: Result | P13: Date | Q13: Tester | R13: Remark | S13: Result | T13: Date | U13: Tester | V13: Remark | W13: Result | X13: Date | Y13: Tester | Z13: Remark | AA13: Result | AB13: Date | AC13: Tester | AD13: Remark | AE13: Result | AF13: Date | AG13: Tester | AH13: Remark | AI13: Time to execute manual (minute) | AJ13: Level of manual TC | AM13: Time to execute manual (minute) | AN13: Level of manual TC
G14: test phase | H14: status to be replaced | M14: Result | N14: PIC | AM14: Everage time per TC | AN14: =IFERROR($AM$12/COUNTIF($AM$15:$AM$1500, ">0"),0) -> 13.388889
B15: 1-1-11> Building resources | L15: - | AN15: =IF(AM15>0, IF(AM15>=14,"D",IF(AM15>=8,"N","E")),"")
B16: 1-1-11-1-001 | C16: > Performing builds automatically | D16: 1. Window > Preferences > General > Workspace 2. Check ON [Build automatically] check-box 3. Click OK | E16: Perform builds automatically whenever create new project / import project | F16: Simulator | G16: FR | H16: not yet | I16: Select [Build on resource save(Auto bulid)] in Project Properties> C/C++ Build >Behaviour | J16: RVC GCSTrangT | K16: 5.1 and older | L16: Ju147_RT410 | M16: Pass | N16: GCS/Ju147 | O16: Pass | P16: 42776 | Q16: GCS/LinhD[/Ju/147] | S16: Pass | T16: 42794 | U16: GCS/LinhD[/Ju/147] | AJ16: =IF(AI16>0, IF(AI16>=14,"D",IF(AI16>=8,"N","E")),"") | AN16: =IF(AM16>0, IF(AM16>=14,"D",IF(AM16>=8,"N","E")),"")
B17: 1-1-11-2-001 | C17: > Performing builds manually | D17: <Build action – Build> 1. Create 2 project C with RX tool chain 2. [Project] menu > Build All | E17: _ 2 project are build successful with only build configuration active | F17: Simulator | G17: SR | H17: done | J17: RVC GCSTrangT | K17: 5.1 and older | L17: Ju147_RT410 | M17: Pass | N17: GCS/Ju147 | O17: Pass | P17: 42776 | Q17: GCS/LinhD[/Ju/147] | S17: Pass | T17: 42794 | U17: GCS/LinhD[/Ju/147] | AJ17: =IF(AI17>0, IF(AI17>=14,"D",IF(AI17>=8,"N","E")),"") | AN17: =IF(AM17>0, IF(AM17>=14,"D",IF(AM17>=8,"N","E")),"")
B18: 1-1-11-2-002 | D18: <Build action – Build> 1. Create 2 project C with RX tool chain 2. Select project and right click 3. Pop-up (Project item on project tree) > Build Configurations > Build All | E18: All build configuration are build successful for the project selected. | F18: Simulator | G18: SR | H18: done | J18: RVC GCSTrangT | K18: 5.1 and older | L18: Ju147_RT410 | M18: Pass | N18: GCS/Ju147 | O18: Pass | P18: 42776 | Q18: GCS/LinhD[/Ju/147] | S18: Pass | T18: 42794 | U18: GCS/LinhD[/Ju/147] | AJ18: =IF(AI18>0, IF(AI18>=14,"D",IF(AI18>=8,"N","E")),"") | AN18: =IF(AM18>0, IF(AM18>=14,"D",IF(AM18>=8,"N","E")),"")
B19: 1-1-11-2-003 | D19: <Build action – Build> 1. Create 2 project C with RX tool chain 2. Ctrl+B (Build All) | E19: _ 2 project are build successful with only build configuration active | F19: Simulator | G19: SR | H19: done | J19: RVC GCSTrangT | K19: 5.1 and older | L19: Ju147_RT410 | M19: Pass | N19: GCS/Ju147 | O19: Pass | P19: 42776 | Q19: GCS/LinhD[/Ju/147] | S19: Pass | T19: 42794 | U19: GCS/LinhD[/Ju/147] | AJ19: =IF(AI19>0, IF(AI19>=14,"D",IF(AI19>=8,"N","E")),"") | AN19: =IF(AM19>0, IF(AM19>=14,"D",IF(AM19>=8,"N","E")),"")
B20: 1-1-11-2-004 | D20: <Build action – Build> 1. Create C project with RX 2. Select project and right click 3. Pop-up (Project item on project tree) > Build Configurations > Build Selected… 4. Click OK button | E20: 3. Open Clean and Rebuild Configurations dialog _Display all build configuation of project (Debug, HardwaredDebug, Release, CustomDebug, HewDebug) _ Auto checked to Active build _ Clean selected configurations checkbox is checked _ Build selected confugurations checkbox is checked 4. Build successful | F20: Simulator | G20: SR | H20: done | J20: RVC GCSTrangT | K20: 5.1 and older | L20: Ju147_RT410 | M20: Pass | N20: GCS/Ju147 | O20: Pass | P20: 42776 | Q20: GCS/LinhD[/Ju/147] | S20: Pass | T20: 42794 | U20: GCS/LinhD[/Ju/147] | AJ20: =IF(AI20>0, IF(AI20>=14,"D",IF(AI20>=8,"N","E")),"") | AN20: =IF(AM20>0, IF(AM20>=14,"D",IF(AM20>=8,"N","E")),"")
B21: 1-1-11-2-005 | D21: <Build action – Build> 1. Create C project with RX 2. Select project and [Project] menu > Build Project | E21: Selected project is build successful | F21: Simulator | G21: SR | H21: done | J21: RVC GCSTrangT | K21: 5.1 and older | L21: Ju147_RT410 | M21: Pass | N21: GCS/Ju147 | O21: Pass | P21: 42776 | Q21: GCS/LinhD[/Ju/147] | S21: Pass | T21: 42794 | U21: GCS/LinhD[/Ju/147] | AJ21: =IF(AI21>0, IF(AI21>=14,"D",IF(AI21>=8,"N","E")),"") | AN21: =IF(AM21>0, IF(AM21>=14,"D",IF(AM21>=8,"N","E")),"")
B22: 1-1-11-2-006 | D22: <Build action – Build> 1. Create C project with RX 2. Select project and Pop-up (Project item on project tree) > Build Project | E22: Selected project is build successful | F22: Simulator | G22: SR | H22: done | J22: RVC GCSTrangT | K22: 5.1 and older | L22: Ju147_RT410 | M22: Pass | N22: GCS/Ju147 | O22: Pass | P22: 42776 | Q22: GCS/LinhD[/Ju/147] | S22: Pass | T22: 42794 | U22: GCS/LinhD[/Ju/147] | AJ22: =IF(AI22>0, IF(AI22>=14,"D",IF(AI22>=8,"N","E")),"") | AN22: =IF(AM22>0, IF(AM22>=14,"D",IF(AM22>=8,"N","E")),"")
B23: 1-1-11-2-007 | D23: <Build action – Build> 1. Create C project with RX 2. Select project and Select Build Project on Toolbar button | E23: Selected project is build successful | F23: Simulator | G23: SR | H23: done | J23: RVC GCSTrangT | K23: 5.1 and older | L23: Ju147_RT410 | M23: Pass | N23: GCS/Ju147 | O23: Pass | P23: 42776 | Q23: GCS/LinhD[/Ju/147] | S23: Pass | T23: 42794 | U23: GCS/LinhD[/Ju/147] | AJ23: =IF(AI23>0, IF(AI23>=14,"D",IF(AI23>=8,"N","E")),"") | AN23: =IF(AM23>0, IF(AM23>=14,"D",IF(AM23>=8,"N","E")),"")
B24: 1-1-11-2-008 | D24: <Build action – Clean> *Pre-Condition: - Start build automatically is off - Start a build immediately > Build the entire workspace is checked - Create C project with RX and build project 1. [Project] menu > Clean... > Clean all projects > Start a build immediately > Build the entire workspace 2. Select project > Right click > Pop-up (Project item on project tree) > Build Configurations > Clean All | E24: _ Clean project (Output files are deleted) _ Project are build successful | F24: Simulator | G24: FR | H24: not yet | I24: Should be tested with multiple project] Trac #4152 | J24: RVC GCSTrangT | K24: 5.1 and older | L24: Ju147_RT410 | M24: Pass | N24: GCS/Ju147 | O24: Pass | P24: 42776 | Q24: GCS/LinhD[/Ju/147] | S24: Pass | T24: 42794 | U24: GCS/LinhD[/Ju/147] | AJ24: =IF(AI24>0, IF(AI24>=14,"D",IF(AI24>=8,"N","E")),"") | AN24: =IF(AM24>0, IF(AM24>=14,"D",IF(AM24>=8,"N","E")),"")
B25: 1-1-11-2-009 | D25: <Build action – Clean> *Pre-Condition: - Start build automatically is off - Start a build immediately > Build the entire workspace is checked - Create 2 C project with RX 1. [Project] menu > Clean... > Clean all projects > Start a build immediately > Build the entire workspace 2. [Project] menu > Clean... > Clean all projects | E25: _ Clean project (Output files are deleted) _ 2 project are build successful with only build configuration active | F25: Simulator | G25: FR | H25: not yet | I25: Should be tested with multiple project] Trac #4140 | J25: RVC GCSTrangT | K25: 5.1 and older | L25: Ju147_RT410 | M25: Pass | N25: GCS/Ju147 | O25: Pass | P25: 42776 | Q25: GCS/LinhD[/Ju/147] | S25: Pass | T25: 42794 | U25: GCS/LinhD[/Ju/147] | AJ25: =IF(AI25>0, IF(AI25>=14,"D",IF(AI25>=8,"N","E")),"") | AN25: =IF(AM25>0, IF(AM25>=14,"D",IF(AM25>=8,"N","E")),"")
B26: 1-1-11-2-010 | D26: <Build action – Clean> *Pre-Condition: - Start build automatically is off - Start a build immediately > Build the entire workspace is checked - Create 2 C project with RX and build project 1. [Project] menu > Clean... > Clean all projects > Start a build immediately > Build only the selected projects 2. Select project > Right click > Pop-up (Project item on project tree) > Build Configurations > Clean All | E26: _ Clean project (Output files are deleted) _ Project selected are build successful | F26: Simulator | G26: FR | H26: not yet | J26: RVC GCSTrangT | K26: 5.1 and older | L26: Ju147_RT410 | M26: Pass | N26: GCS/Ju147 | O26: Pass | P26: 42776 | Q26: GCS/LinhD[/Ju/147] | S26: Pass | T26: 42794 | U26: GCS/LinhD[/Ju/147] | AJ26: =IF(AI26>0, IF(AI26>=14,"D",IF(AI26>=8,"N","E")),"") | AN26: =IF(AM26>0, IF(AM26>=14,"D",IF(AM26>=8,"N","E")),"")
B27: 1-1-11-2-011 | D27: <Build action – Clean> *Pre-Condition: - Start build automatically is off - Start a build immediately > Build the entire workspace is checked - Create 2 C project with RX and build project 1. [Project] menu > Clean... > Clean all projects > Start a build immediately > Build only the selected projects 2. [Project] menu > Clean... > Clean all projects | E27: _ Clean project (Output files are deleted) _ Project selected are build successful | F27: Simulator | G27: FR | H27: not yet | J27: RVC GCSTrangT | K27: 5.1 and older | L27: Ju147_RT410 | M27: Pass | N27: GCS/Ju147 | O27: Pass | P27: 42776 | Q27: GCS/LinhD[/Ju/147] | S27: Pass | T27: 42794 | U27: GCS/LinhD[/Ju/147] | AJ27: =IF(AI27>0, IF(AI27>=14,"D",IF(AI27>=8,"N","E")),"") | AN27: =IF(AM27>0, IF(AM27>=14,"D",IF(AM27>=8,"N","E")),"")
B28: 1-1-11-2-012 | D28: <Build action – Clean> *Pre-Condition: - Start build automatically is off - Start a build immediately > Build the entire workspace is checked - Create 2 C project with RX and build project 1. [Project] menu > Clean... > Clean projects selected below 2. Pop-up (Project item on project tree) > Build Configurations > Clean All | E28: Clean project (Output files are deleted) Build NOT occurs | F28: Simulator | G28: FR | H28: not yet | J28: RVC GCSTrangT | K28: 5.1 and older | L28: Ju147_RT410 | M28: Pass | N28: GCS/Ju147 | O28: Pass | P28: 42776 | Q28: GCS/LinhD[/Ju/147] | S28: Pass | T28: 42794 | U28: GCS/LinhD[/Ju/147] | AJ28: =IF(AI28>0, IF(AI28>=14,"D",IF(AI28>=8,"N","E")),"") | AN28: =IF(AM28>0, IF(AM28>=14,"D",IF(AM28>=8,"N","E")),"")
B29: 1-1-11-2-013 | D29: <Build action – Clean> *Pre-Condition: - Start build automatically is off - Start a build immediately > Build the entire workspace is checked - Create 2 C project with RX and build project 1. [Project] menu > Clean... > Clean projects selected below 2. [Project] menu > Clean... > Clean all projects | E29: Clean project (Output files are deleted) Build NOT occurs | F29: Simulator | G29: FR | H29: not yet | J29: RVC GCSTrangT | K29: 5.1 and older | L29: Ju147_RT410 | M29: Pass | N29: GCS/Ju147 | O29: Pass | P29: 42776 | Q29: GCS/LinhD[/Ju/147] | S29: Pass | T29: 42794 | U29: GCS/LinhD[/Ju/147] | AJ29: =IF(AI29>0, IF(AI29>=14,"D",IF(AI29>=8,"N","E")),"") | AN29: =IF(AM29>0, IF(AM29>=14,"D",IF(AM29>=8,"N","E")),"")
B30: 1-1-11-2-014 | D30: <Build action – Clean> *Pre-Condition: - Start build automatically is off - Start a build immediately > Build the entire workspace is checked - Create 2 C project with RX and build project 1. [Project] menu > Clean... > Clean projects selected below > Start a build immediately > Build the entire workspace 2. Pop-up (Project item on project tree) > Build Configurations > Clean All | E30: Clean project (Output files are deleted) Build occurs | F30: Simulator | G30: FR | H30: not yet | J30: RVC GCSTrangT | K30: 5.1 and older | L30: Ju147_RT410 | M30: Pass | N30: GCS/Ju147 | O30: Pass | P30: 42776 | Q30: GCS/LinhD[/Ju/147] | S30: Pass | T30: 42794 | U30: GCS/LinhD[/Ju/147] | AJ30: =IF(AI30>0, IF(AI30>=14,"D",IF(AI30>=8,"N","E")),"") | AN30: =IF(AM30>0, IF(AM30>=14,"D",IF(AM30>=8,"N","E")),"")
B31: 1-1-11-2-015 | D31: <Build action – Clean> *Pre-Condition: - Start build automatically is off - Start a build immediately > Build the entire workspace is checked - Create 2 C project with RX and build project 1. [Project] menu > Clean... > Clean projects selected below > Start a build immediately > Build the entire workspace 2. [Project] menu > Clean... > Clean all projects | E31: Clean project (Output files are deleted) Build occurs | F31: Simulator | G31: FR | H31: not yet | J31: RVC GCSTrangT | K31: 5.1 and older | L31: Ju147_RT410 | M31: Pass | N31: GCS/Ju147 | O31: Pass | P31: 42776 | Q31: GCS/LinhD[/Ju/147] | S31: Pass | T31: 42794 | U31: GCS/LinhD[/Ju/147] | AJ31: =IF(AI31>0, IF(AI31>=14,"D",IF(AI31>=8,"N","E")),"") | AN31: =IF(AM31>0, IF(AM31>=14,"D",IF(AM31>=8,"N","E")),"")
B32: 1-1-11-2-016 | D32: <Build action – Clean> *Pre-Condition: - Start build automatically is off - Start a build immediately > Build the entire workspace is checked - Create 2 C project with RX and build project 1. [Project] menu > Clean... > Clean projects selected below > Start a build immediately > Build only the 2. Pop-up (Project item on project tree) > Build Configurations > Clean All | E32: Clean project (Output files are deleted) Build occurs | F32: Simulator | G32: FR | H32: not yet | J32: RVC GCSTrangT | K32: 5.1 and older | L32: Ju147_RT410 | M32: Pass | N32: GCS/Ju147 | O32: Pass | P32: 42776 | Q32: GCS/LinhD[/Ju/147] | S32: Pass | T32: 42794 | U32: GCS/LinhD[/Ju/147] | AJ32: =IF(AI32>0, IF(AI32>=14,"D",IF(AI32>=8,"N","E")),"") | AN32: =IF(AM32>0, IF(AM32>=14,"D",IF(AM32>=8,"N","E")),"")
B33: 1-1-11-2-017 | D33: <Build action – Clean> *Pre-Condition: - Start build automatically is off - Start a build immediately > Build the entire workspace is checked - Create 2 C project with RX and build project 1. [Project] menu > Clean... > Clean projects selected below > Start a build immediately > Build only the 2. [Project] menu > Clean... > Clean all projects | E33: Clean project (Output files are deleted) Build occurs | F33: Simulator | G33: FR | H33: not yet | J33: RVC GCSTrangT | K33: 5.1 and older | L33: Ju147_RT410 | M33: Pass | N33: GCS/Ju147 | O33: Pass | P33: 42776 | Q33: GCS/LinhD[/Ju/147] | S33: Pass | T33: 42794 | U33: GCS/LinhD[/Ju/147] | AJ33: =IF(AI33>0, IF(AI33>=14,"D",IF(AI33>=8,"N","E")),"") | AN33: =IF(AM33>0, IF(AM33>=14,"D",IF(AM33>=8,"N","E")),"")
B34: 1-1-11-2-018 | D34: <Build action – Clean> *Pre-Condition: - Start build automatically is off - Start a build immediately > Build the entire workspace is checked - Create C project with RX and Pop-up (Project item on project tree) > Build Configurations > Build All 1. Pop-up (Project item on project tree) > Clean Project 2. Pop-up (Project item on project tree) > Build Configurations > Clean All | E34: Clean project (Output files are deleted) Build NOT occurs | F34: Simulator | G34: FR | H34: not yet | J34: RVC GCSTrangT | K34: 5.1 and older | L34: Ju147_RT410 | M34: Pass | N34: GCS/Ju147 | O34: Pass | P34: 42776 | Q34: GCS/LinhD[/Ju/147] | S34: Pass | T34: 42794 | U34: GCS/LinhD[/Ju/147] | AJ34: =IF(AI34>0, IF(AI34>=14,"D",IF(AI34>=8,"N","E")),"") | AN34: =IF(AM34>0, IF(AM34>=14,"D",IF(AM34>=8,"N","E")),"")
B35: 1-1-11-2-019 | D35: <Build action – Clean> *Pre-Condition: - Start build automatically is off - Start a build immediately > Build the entire workspace is checked - Create C project with RX and Pop-up (Project item on project tree) > Build Configurations > Build All 1. Pop-up (Project item on project tree) > Clean Project 2. [Project] menu > Clean... > Clean all projects | E35: Clean project (Output files are deleted) Build NOT occurs | F35: Simulator | G35: FR | H35: not yet | J35: RVC GCSTrangT | K35: 5.1 and older | L35: Ju147_RT410 | M35: Pass | N35: GCS/Ju147 | O35: Pass | P35: 42776 | Q35: GCS/LinhD[/Ju/147] | S35: Pass | T35: 42794 | U35: GCS/LinhD[/Ju/147] | AJ35: =IF(AI35>0, IF(AI35>=14,"D",IF(AI35>=8,"N","E")),"") | AN35: =IF(AM35>0, IF(AM35>=14,"D",IF(AM35>=8,"N","E")),"")
B36: 1-1-11-3-001 | C36: > Saving resources automatically before a manual build | D36: 1. Window > Preferences > General > Workspace 2. Check ON [Save automatically before build] check-box 3. Click OK | E36: Automatically save all modified resources in the Workbench before a manual build is done | F36: Simulator | G36: FR | H36: not yet | J36: RVC GCSTrangT | K36: 5.1 and older | L36: Ju147_RT410 | M36: Pass | N36: GCS/Ju147 | O36: Pass | P36: 42776 | Q36: GCS/LinhD[/Ju/147] | S36: Pass | T36: 42794 | U36: GCS/LinhD[/Ju/147] | AJ36: =IF(AI36>0, IF(AI36>=14,"D",IF(AI36>=8,"N","E")),"") | AN36: =IF(AM36>0, IF(AM36>=14,"D",IF(AM36>=8,"N","E")),"")
B37: 1-1-11-4-001 | C37: > Changing build order | D37: <Use default build order> 1. Window > Preferences > General > Workspace > Build Order 2. Check ON [Use default build order] check-box 3. Click OK | E37: Use default build order | F37: Simulator | G37: FR | H37: not yet | J37: RVC GCSTrangT | K37: 5.1 and older | L37: Ju147_RT410 | M37: Pass | N37: GCS/Ju147 | O37: Pass | P37: 42776 | Q37: GCS/LinhD[/Ju/147] | S37: Pass | T37: 42794 | U37: GCS/LinhD[/Ju/147] | AJ37: =IF(AI37>0, IF(AI37>=14,"D",IF(AI37>=8,"N","E")),"") | AN37: =IF(AM37>0, IF(AM37>=14,"D",IF(AM37>=8,"N","E")),"")
B38: 1-1-11-4-002 | D38: <Define the order> 1. Window > Preferences > General > Workspace > Build Order 2. Check OFF [Use default build order] check-box 3. Click Add Project to add projects to the list, click Select All, click OK 4. Select one or more projects in the list and click Up or Down to set the preferred project build order => Check state of Up / Down, Add project / Remove Project buttons 5. Click OK and Select Project > Build All | E38: 3. State of these buttons are correct in these cases - [Save automatically before build] = ON - No project - 1 project - 2 or more project 4. Build is performed as defined order | F38: Simulator | G38: FR | H38: not yet | I38: Trac #3495 fixed (on V.2.1.0.11) | J38: RVC GCSTrangT | K38: 5.1 and older | L38: Ju147_RT410 | M38: Pass | N38: GCS/Ju147 | O38: Pass | P38: 42776 | Q38: GCS/LinhD[/Ju/147] | S38: Pass | T38: 42794 | U38: GCS/LinhD[/Ju/147] | AJ38: =IF(AI38>0, IF(AI38>=14,"D",IF(AI38>=8,"N","E")),"") | AN38: =IF(AM38>0, IF(AM38>=14,"D",IF(AM38>=8,"N","E")),"")
B39: 1-1-11-4-003 | D39: <Define the order> 1. Window > Preferences > General > Workspace > Build Order 2. Check OFF [Use default build order] check-box 3. Click Add Project to add projects to the list 4. Click Apply 5. Click Restore Defaults 6. Click OK and Select Project > Build All | E39: 3. State of these buttons are correct in these cases - [Save automatically before build] = ON - No project - 1 project - 2 or more project 4. Build is performed as defined order | F39: Simulator | G39: FR | H39: not yet | J39: RVC GCSTrangT | K39: 5.1 and older | L39: Ju147_RT410 | M39: Pass | N39: GCS/Ju147 | O39: Pass | P39: 42776 | Q39: GCS/LinhD[/Ju/147] | S39: Pass | T39: 42794 | U39: GCS/LinhD[/Ju/147] | AJ39: =IF(AI39>0, IF(AI39>=14,"D",IF(AI39>=8,"N","E")),"") | AN39: =IF(AM39>0, IF(AM39>=14,"D",IF(AM39>=8,"N","E")),"")
B40: 1-1-11-4-004 | D40: <Define the order> 1. Window > Preferences > General > Workspace > Build Order 2. Check OFF [Use default build order] check-box 3. Click Remove Project buttons to remove projects from the list 4. Click Apply 5. Click Cancel and Select Project > Build All | E40: 3. State of these buttons are correct in these cases - [Save automatically before build] = ON - No project - 1 project - 2 or more project 4. Build is performed as defined order | F40: Simulator | G40: FR | H40: not yet | J40: RVC GCSTrangT | K40: 5.1 and older | L40: Ju147_RT410 | M40: Pass | N40: GCS/Ju147 | O40: Pass | P40: 42776 | Q40: GCS/LinhD[/Ju/147] | S40: Pass | T40: 42794 | U40: GCS/LinhD[/Ju/147] | AJ40: =IF(AI40>0, IF(AI40>=14,"D",IF(AI40>=8,"N","E")),"") | AN40: =IF(AM40>0, IF(AM40>=14,"D",IF(AM40>=8,"N","E")),"")
B41: 1-1-11-5-001 | C41: > Running external tools | D41: <run tools that are not part of the Workbench> 1. Click Run > External Tools > External Tools Configurations.... 2. Select the Program configuration 3. Click New button 4. Enter a name for external tool (eg, My External Tool) 5. Location > Click [Browse File System] button 6. Find the tool want to run (.exe or .bat, eg, C:\Program Files (x86)\jdk1.7.0_03\bin\jar.exe) 7. Click Run | E41: External tool is executed | F41: Simulator | G41: FR | H41: not yet | J41: RVC GCSTrangT | K41: 5.1 and older | L41: Ju147_RT410 | M41: Pass | N41: GCS/Ju147 | O41: Pass | P41: 42776 | Q41: GCS/LinhD[/Ju/147] | S41: Pass | T41: 42794 | U41: GCS/LinhD[/Ju/147] | AJ41: =IF(AI41>0, IF(AI41>=14,"D",IF(AI41>=8,"N","E")),"") | AN41: =IF(AM41>0, IF(AM41>=14,"D",IF(AM41>=8,"N","E")),"")
B42: 1-1-11-5-002 | D42: <run tools that are not part of the Workbench> 1. Click Run > External Tools > External Tools Configurations.... 2. Select the Program configuration 3. Click New button 4. Enter a name for external tool (eg, My External Tool) 5. Click [Browse File System] button 6. Find the tool want to run (.exe or .bat, eg, C:\Program Files (x86)\jdk1.7.0_03\bin\jar.exe) 7. In the Arguments field > Enter the necessary arguments for the tool (eg, -tvf ${resource_loc} or -u ${current_date}) 8. Click Run | E42: External tool is executed | F42: Simulator | G42: FR | H42: not yet | J42: RVC GCSTrangT | K42: 5.1 and older | L42: Ju147_RT410 | M42: Pass | N42: GCS/Ju147 | O42: Pass | P42: 42776 | Q42: GCS/LinhD[/Ju/147] | S42: Pass | T42: 42794 | U42: GCS/LinhD[/Ju/147] | AJ42: =IF(AI42>0, IF(AI42>=14,"D",IF(AI42>=8,"N","E")),"") | AN42: =IF(AM42>0, IF(AM42>=14,"D",IF(AM42>=8,"N","E")),"")
B43: 1-1-11-5-003 | D43: <run tools that are not part of the Workbench> 1. Click Run > External Tools > External Tools Configurations.... 2. Select the Program configuration 3. Click New button 4. Enter a name for external tool (eg, My External Tool) 5. Click [Browse File System] button 6. Find the tool want to run (.exe or .bat) 7. In the Arguments field enter the necessary arguments for the tool. 8. In the Working directory field enter the working directory for the tool. 9. Click Run | E43: External tool is executed | F43: Simulator | G43: FR | H43: not yet | J43: RVC GCSTrangT | K43: 5.1 and older | L43: Ju147_RT410 | M43: Pass | N43: GCS/Ju147 | O43: Pass | P43: 42776 | Q43: GCS/LinhD[/Ju/147] | S43: Pass | T43: 42794 | U43: GCS/LinhD[/Ju/147] | AJ43: =IF(AI43>0, IF(AI43>=14,"D",IF(AI43>=8,"N","E")),"") | AN43: =IF(AM43>0, IF(AM43>=14,"D",IF(AM43>=8,"N","E")),"")
B44: 1-1-11-5-004 | D44: <set up and run an external tool to build a project> 1. Project Explorer view > Select the project 2. Pop-up menu > Choose Properties. 3. Click Builders 4. Configure the tool - New - Import - Edit... - Remove - Up - Down | E44: External tool is executed for building project | G44: FR | H44: not yet | I44: Refer 1-1-11-5-001 to run an external tool -> can import | J44: RVC GCSTrangT | K44: 5.1 and older | L44: Manual/SIM | M44: Pass | N44: GCS/MuoiN | O44: Pass | P44: 42781 | Q44: GCS/Linh | S44: Pass | T44: 42794 | U44: GCS/QuangN | AI44: 7 | AJ44: =IF(AI44>0, IF(AI44>=14,"D",IF(AI44>=8,"N","E")),"") -> E | AM44: 7 | AN44: =IF(AM44>0, IF(AM44>=14,"D",IF(AM44>=8,"N","E")),"") -> E
B45: 2-1-5> Building projects | L45: - | AJ45: =IF(AI45>0, IF(AI45>=14,"D",IF(AI45>=8,"N","E")),"") | AN45: =IF(AM45>0, IF(AM45>=14,"D",IF(AM45>=8,"N","E")),"")
B46: 2-1-5-1-001 | C46: > Renaming a project | D46: 1. In the C/C++ Projects view > Right-click a project > Select Rename 2. Type a new name 3. Press Enter. | E46: 1. The edit box is activated for the selected project. 3. Project is rename Previous settings for this project are still correct | F46: Simulator | G46: FR | H46: not yet | J46: RVC GCSTrangT | K46: 5.1 and older | L46: Ju147_RT410 | M46: Pass | N46: GCS/Ju147 | O46: Pass | P46: 42776 | Q46: GCS/LinhD[/Ju/147] | S46: Pass | T46: 42794 | U46: GCS/LinhD[/Ju/147] | AJ46: =IF(AI46>0, IF(AI46>=14,"D",IF(AI46>=8,"N","E")),"") | AN46: =IF(AM46>0, IF(AM46>=14,"D",IF(AM46>=8,"N","E")),"")
B47: 2-1-5-2-001 | C47: > Defining Project Build settings (refer Appendix) | D47: 1. C/C++ Projects view > Right-click the project > Select Properties > Select C/C++ Build 2. Select [Behaviour] tab > Select [Stop on first build error] 3. Select [Builder Settings] tab > Select the [Use Default] check box 4. Click OK | E47: 2. Stop the build when an error is encountered 3. Use the default make command | F47: Simulator | G47: FR | H47: not yet | I47: PCL is updated later | J47: RVC GCSTrangT | K47: 5.1 and older | L47: Ju147_RT410 | M47: Pass | N47: GCS/Ju147 | O47: Pass | P47: 42776 | Q47: GCS/LinhD[/Ju/147] | S47: Pass | T47: 42794 | U47: GCS/LinhD[/Ju/147] | AJ47: =IF(AI47>0, IF(AI47>=14,"D",IF(AI47>=8,"N","E")),"") | AN47: =IF(AM47>0, IF(AM47>=14,"D",IF(AM47>=8,"N","E")),"")
B48: 2-1-5-3-001 | C48: > Adding and Editing Build Variables (refer Appendix) | D48: <Define a New Build Variable> 1. Click Window > Preferences > C/C++ > Build > Build Variables 2. Click Add... in the Build Variables preference panel to open the Define a New Build Variables dialog box 3. Enter the variable name 4. Choose a variable type 5. Enter the variables value 6. Click OK | E48: Add a previously defined variable | F48: Simulator | G48: FR | H48: not yet | J48: RVC GCSTrangT | K48: 5.1 and older | L48: Ju147_RT410 | M48: Pass | N48: GCS/Ju147 | O48: Pass | P48: 42776 | Q48: GCS/LinhD[/Ju/147] | S48: Pass | T48: 42794 | U48: GCS/LinhD[/Ju/147] | AJ48: =IF(AI48>0, IF(AI48>=14,"D",IF(AI48>=8,"N","E")),"") | AN48: =IF(AM48>0, IF(AM48>=14,"D",IF(AM48>=8,"N","E")),"")
B49: 2-1-5-3-002 | D49: <Edit Existing Build Variable> 1. Click Window > Preferences > C/C++ > Build > Build Variables 2. Select the local build variable to edit in the Build Variables preference panel 3. Click Edit... to open the Edit Existing Build Variable dialog box 4. Change the variable type (optional) 5. Edit the variables value (optional) 6. Click OK | E49: Edit a previously defined variable | F49: Simulator | G49: FR | H49: not yet | J49: RVC GCSTrangT | K49: 5.1 and older | L49: Ju147_RT410 | M49: Pass | N49: GCS/Ju147 | O49: Pass | P49: 42776 | Q49: GCS/LinhD[/Ju/147] | S49: Pass | T49: 42794 | U49: GCS/LinhD[/Ju/147] | AJ49: =IF(AI49>0, IF(AI49>=14,"D",IF(AI49>=8,"N","E")),"") | AN49: =IF(AM49>0, IF(AM49>=14,"D",IF(AM49>=8,"N","E")),"")
B50: 2-1-5-4-001 | C50: > Tuning Error Parsers | D50: 1.In the C/C++ Projects view, right-click the project, and select Properties. 2.Expand C/C++ Build. 3.Select Settings. 4.Click the Error Parsers tab. 5.In the Error parsers list, select error parsers. eg. Renesas C/C++ Error Parser 6.Click OK. | E50: Error of compiler is not detected (not listed in Problems panel) | F50: Simulator | G50: FR | H50: not yet | J50: RVC GCSTrangT | K50: 5.1 and older | L50: Ju147_RT410 | M50: Pass | N50: GCS/Ju147 | O50: Pass | P50: 42776 | Q50: GCS/LinhD[/Ju/147] | S50: Pass | T50: 42794 | U50: GCS/LinhD[/Ju/147] | AJ50: =IF(AI50>0, IF(AI50>=14,"D",IF(AI50>=8,"N","E")),"") | AN50: =IF(AM50>0, IF(AM50>=14,"D",IF(AM50>=8,"N","E")),"")
B51: 2-1-5-8-001 | C51: > Building Manually | D51: 1. Create project 2. Select Build Project 3. Select Build Project | E51: 2. Project is built successfully 3. Project is NOT rebuilt | F51: Simulator | G51: FR | H51: not yet | J51: RVC GCSTrangT | K51: 5.1 and older | L51: Ju147_RT410 | M51: Pass | N51: GCS/Ju147 | O51: Pass | P51: 42776 | Q51: GCS/LinhD[/Ju/147] | S51: Pass | T51: 42794 | U51: GCS/LinhD[/Ju/147] | AJ51: =IF(AI51>0, IF(AI51>=14,"D",IF(AI51>=8,"N","E")),"") | AN51: =IF(AM51>0, IF(AM51>=14,"D",IF(AM51>=8,"N","E")),"")
B52: 2-1-5-8-002 | D52: 1. Create project 2. Select Build Project 3. Modify C/C++ source file 4. Select Build Project | E52: 2. Project is built successfully 4. Project is built successfully (Compiler phase) | F52: Simulator | G52: FR | H52: not yet | J52: RVC GCSTrangT | K52: 5.1 and older | L52: Ju147_RT410 | M52: Pass | N52: GCS/Ju147 | O52: Pass | P52: 42776 | Q52: GCS/LinhD[/Ju/147] | S52: Pass | T52: 42794 | U52: GCS/LinhD[/Ju/147] | AJ52: =IF(AI52>0, IF(AI52>=14,"D",IF(AI52>=8,"N","E")),"") | AN52: =IF(AM52>0, IF(AM52>=14,"D",IF(AM52>=8,"N","E")),"")
B53: 2-1-5-8-003 | D53: 1. Create C project 2. Select Build Project 3. Modify ASM source file 4. Select Build Project | E53: 2. Project is built successfully 4. Project is built successfully (Assembler phase) | F53: Simulator | G53: FR | H53: not yet | J53: RVC GCSTrangT | K53: 5.1 and older | L53: Ju147_RT410 | M53: Pass | N53: GCS/Ju147 | O53: Pass | P53: 42776 | Q53: GCS/LinhD[/Ju/147] | S53: Pass | T53: 42794 | U53: GCS/LinhD[/Ju/147] | AJ53: =IF(AI53>0, IF(AI53>=14,"D",IF(AI53>=8,"N","E")),"") | AN53: =IF(AM53>0, IF(AM53>=14,"D",IF(AM53>=8,"N","E")),"")
B54: 2-1-5-8-004 | D54: 1. Create project 2. Select Build Project 3. Edit Linker options 4. Select Build Project | E54: 2. Project is built successfully 4. Project is built successfully (Linker phase) | F54: Simulator | G54: FR | H54: not yet | J54: RVC GCSTrangT | K54: 5.1 and older | L54: Ju147_RT410 | M54: Pass | N54: GCS/Ju147 | O54: Pass | P54: 42776 | Q54: GCS/LinhD[/Ju/147] | S54: Pass | T54: 42794 | U54: GCS/LinhD[/Ju/147] | AJ54: =IF(AI54>0, IF(AI54>=14,"D",IF(AI54>=8,"N","E")),"") | AN54: =IF(AM54>0, IF(AM54>=14,"D",IF(AM54>=8,"N","E")),"")
B55: 2-1-5-9-001 | C55: > Removing Build Automatically | D55: 1. Click Project > Build Automatically : OFF | E55: Not to build projects automatically | F55: Simulator | G55: FR | H55: not yet | J55: RVC GCSTrangT | K55: 5.1 and older | L55: Ju147_RT410 | M55: Pass | N55: GCS/Ju147 | O55: Pass | P55: 42776 | Q55: GCS/LinhD[/Ju/147] | S55: Pass | T55: 42794 | U55: GCS/LinhD[/Ju/147] | AJ55: =IF(AI55>0, IF(AI55>=14,"D",IF(AI55>=8,"N","E")),"") | AN55: =IF(AM55>0, IF(AM55>=14,"D",IF(AM55>=8,"N","E")),"")
B56: 2-1-5-10-001 | C56: > Auto saving on a build | D56: 1. Click Window > Preferences. 2. Select General > Workspace from the list. 3. On the Workspace page, select the Save automatically before build check box. 4. Click OK. | E56: Save resources before manual builds | F56: Simulator | G56: FR | H56: not yet | J56: RVC GCSTrangT | K56: 5.1 and older | L56: Ju147_RT410 | M56: Pass | N56: GCS/Ju147 | O56: Pass | P56: 42776 | Q56: GCS/LinhD[/Ju/147] | S56: Pass | T56: 42794 | U56: GCS/LinhD[/Ju/147] | AJ56: =IF(AI56>0, IF(AI56>=14,"D",IF(AI56>=8,"N","E")),"") | AN56: =IF(AM56>0, IF(AM56>=14,"D",IF(AM56>=8,"N","E")),"")
B57: 2-1-5-10-002 | D57: 1. Click Window > Preferences. 2. Select General > Workspace from the list. 3. On the Workspace page, de-select the Save automatically before build check box. 4. Click OK. | E57: NOT Save resources before manual builds | F57: Simulator | G57: FR | H57: not yet | J57: RVC GCSTrangT | K57: 5.1 and older | L57: Ju147_RT410 | M57: Pass | N57: GCS/Ju147 | O57: Pass | P57: 42776 | Q57: GCS/LinhD[/Ju/147] | S57: Pass | T57: 42794 | U57: GCS/LinhD[/Ju/147] | AJ57: =IF(AI57>0, IF(AI57>=14,"D",IF(AI57>=8,"N","E")),"") | AN57: =IF(AM57>0, IF(AM57>=14,"D",IF(AM57>=8,"N","E")),"")
B58: 2-1-5-11-001 | C58: > Creating a make target | D58: 1. Right click on a project and select Make Target > Create 2. Enter the Target name and build options then click Create 3. Window > Show View > Make Target view | E58: A make target is created and the make target appear in the Make Target view | F58: Simulator | G58: FR | H58: not yet | I58: Create Project type Makefile Project with Existing code | J58: RVC GCSTrangT | K58: 5.1 and older | L58: Ju147_RT410 | M58: Pass | N58: GCS/Ju147 | O58: Pass | P58: 42776 | Q58: GCS/LinhD[/Ju/147] | S58: Pass | T58: 42794 | U58: GCS/LinhD[/Ju/147] | AJ58: =IF(AI58>0, IF(AI58>=14,"D",IF(AI58>=8,"N","E")),"") | AN58: =IF(AM58>0, IF(AM58>=14,"D",IF(AM58>=8,"N","E")),"")
B59: 2-1-5-12-001 | C59: > Creating Project References (refer Appendix) | D59: <Project References> 1. Select Project > Right click > Properties > C/C++ General > Paths and Symbols | E59: Projects are set dependencies (references) | F59: Simulator | G59: FR | H59: not yet | J59: RVC GCSTrangT | K59: 5.1 and older | L59: Ju147_RT410 | M59: Pass | N59: GCS/Ju147 | O59: Pass | P59: 42776 | Q59: GCS/LinhD[/Ju/147] | S59: Pass | T59: 42794 | U59: GCS/LinhD[/Ju/147] | AJ59: =IF(AI59>0, IF(AI59>=14,"D",IF(AI59>=8,"N","E")),"") | AN59: =IF(AM59>0, IF(AM59>=14,"D",IF(AM59>=8,"N","E")),"")
B60: 2-1-5-12-002 | D60: <Export Settings Page under> 1. Select Project > Right click > Properties > C/C++ General > Includes tab > Export Settings button | E60: Projects are set dependencies (references) | F60: Simulator | G60: FR | H60: not yet | J60: RVC GCSTrangT | K60: 5.1 and older | L60: Ju147_RT410 | M60: Pass | N60: GCS/Ju147 | O60: Pass | P60: 42776 | Q60: GCS/LinhD[/Ju/147] | S60: Pass | T60: 42794 | U60: GCS/LinhD[/Ju/147] | AJ60: =IF(AI60>0, IF(AI60>=14,"D",IF(AI60>=8,"N","E")),"") | AN60: =IF(AM60>0, IF(AM60>=14,"D",IF(AM60>=8,"N","E")),"")
B61: 29> e2 studio Custom Linkage Order e2 studio Custom Linkage order | L61: - | AJ61: =IF(AI61>0, IF(AI61>=14,"D",IF(AI61>=8,"N","E")),"") | AN61: =IF(AM61>0, IF(AM61>=14,"D",IF(AM61>=8,"N","E")),"")
B62: 29-1-1-001 | C62: Check the existence of linkage UI when project is created in KPIT GNURX-ELF Toolchain | D62: 1. Create new C executable project using KPIT GNURX-ELF Toolchain 2. Select a project > Properties 3. Choose “Settings > Tool Setting > Linker > Input” 4. Check each UI node | E62: Following UI must exist: - Label display right. - "Additional input files" option: Only [Add] button enable. Other buttons and list box are disable - "Use custom linkage order" option checkbox is uncheck default.- All buttons and list box are disable | F62: Simulator | G62: FR | H62: not yet | I62: new Tcs (add from RT for v3.0) | J62: RVC GCSTrangT | K62: 5.1 and older | L62: Ju148_RT410 | M62: Pass | N62: GCS/Ju148 | O62: Pass | P62: 42776 | Q62: GCS/LinhD[/Ju/148] | S62: Pass | T62: 42794 | U62: GCS/LinhD[/Ju/148] | AJ62: =IF(AI62>0, IF(AI62>=14,"D",IF(AI62>=8,"N","E")),"") | AN62: =IF(AM62>0, IF(AM62>=14,"D",IF(AM62>=8,"N","E")),"")
B63: 29-1-1-002 | D63: 1. Create new C++ executable project using KPIT GNURX-ELF Toolchain 2. Click on project tree and press “Alt + T” 3. Choose “Settings > Tool Setting > Linker > Input” 4. Check each UI node | E63: - Label display right. - "Additional input files" option: Only [Add] button enable. Other buttons and list box are disable - "Use custom linkage order" option checkbox is uncheck default.- All buttons and list box are disable | F63: Simulator | G63: FR | H63: not yet | I63: new Tcs (add from RT for v3.0) | J63: RVC GCSTrangT | K63: 5.1 and older | L63: Ju148_RT410 | M63: Pass | N63: GCS/Ju148 | O63: Pass | P63: 42776 | Q63: GCS/LinhD[/Ju/148] | S63: Pass | T63: 42794 | U63: GCS/LinhD[/Ju/148] | AJ63: =IF(AI63>0, IF(AI63>=14,"D",IF(AI63>=8,"N","E")),"") | AN63: =IF(AM63>0, IF(AM63>=14,"D",IF(AM63>=8,"N","E")),"")
B64: 29-1-1-003 | C64: Selection of Use custom linkage order option (Check GNURX-ELF toolchain) | D64: 1. Invoke e2 studio 2. Select a project 3. Project(Menu) > Properties > Settings > Tool Setting > Linker > Input > Select 'Use custom linkage order' check-box 4. Check status of buttons and Linkage order list | E64: - This check-box is not selected by default and the default linkage order will be used while building the project - Can enable feature to customize the linkage order of objects/libraries. - “Add”, “Delete”, “Edit”, “Move up”, “Move Down” button is enable - Linkage order list is enable | F64: Simulator | G64: FR | H64: not yet | I64: new Tcs (add from RT for v3.0) | J64: RVC GCSTrangT | K64: 5.1 and older | L64: Ju148_RT410 | M64: Pass | N64: GCS/Ju148 | O64: Pass | P64: 42776 | Q64: GCS/LinhD[/Ju/148] | S64: Pass | T64: 42794 | U64: GCS/LinhD[/Ju/148] | AJ64: =IF(AI64>0, IF(AI64>=14,"D",IF(AI64>=8,"N","E")),"") | AN64: =IF(AM64>0, IF(AM64>=14,"D",IF(AM64>=8,"N","E")),"")
B65: 29-1-1-004 | C65: Reordered linkage build (Check with GNURX-ELF toolchain) | D65: 1. Ensure that ‘Use custom linkage order’ check-box is selected, change the order of objects/libraries to be linked 2. Click Apply button 3. Click OK button 4. Build project | E65: - User will be able to change the order (move up / move down) of objects / libraries to be linked - Project is built successful, content in LinkerSubCommand.tmp file is same as setting (\HardwareDebug\LinkerSubCommand.tmp) | F65: Simulator | G65: FR | H65: not yet | I65: new Tcs (add from RT for v3.0) rx-elf-gcc: error: CreateProcess: No such file or directory | J65: RVC GCSTrangT | K65: 5.1 and older | L65: Ju148_RT410 | M65: Pass | N65: GCS/Ju148 | O65: Pass | P65: 42776 | Q65: GCS/LinhD[/Ju/148] | S65: Pass | T65: 42794 | U65: GCS/LinhD[/Ju/148] | AJ65: =IF(AI65>0, IF(AI65>=14,"D",IF(AI65>=8,"N","E")),"") | AN65: =IF(AM65>0, IF(AM65>=14,"D",IF(AM65>=8,"N","E")),"")
B66: 29-1-1-005 | D66: 1. Project(Menu) > Properties > Settings > Tool Setting > Linker > Input 2. Ensure that ‘Use custom linkage order’ check-box is selected, change the order of objects/libraries to be linked 3. Select Restore Defaults button | E66: - ‘Use custom linkage order’ checkbox is unselected - The order of objects/ libraries is restored to default | F66: Simulator | G66: FR | H66: not yet | I66: new Tcs (add from RT for v3.0) | J66: RVC GCSTrangT | K66: 5.1 and older | L66: Ju148_RT410 | M66: Pass | N66: GCS/Ju148 | O66: Pass | P66: 42776 | Q66: GCS/LinhD[/Ju/148] | S66: Pass | T66: 42794 | U66: GCS/LinhD[/Ju/148] | AJ66: =IF(AI66>0, IF(AI66>=14,"D",IF(AI66>=8,"N","E")),"") | AN66: =IF(AM66>0, IF(AM66>=14,"D",IF(AM66>=8,"N","E")),"")
B67: 29-1-1-006 | C67: Object/library updated in linkage order (Check with GNURX-ELF toolchain) | D67: 1. Project(Menu) > Properties > Settings > Tool Setting > Linker > Input 2. Ensure that ‘Use custom linkage order’ check-box is selected 3. Select “Add” and add file path 4. Click Apply button > Click OK button 5. Build project 6. Verify the existence of following item in "Console" tab: + rlink + Build complete. + LinkerSubCommand.tmp | E67: - User can add / delete the new items. All the objects/libraries will be passed to the linker through the LinkerSubCommand.tmp file - Following item exist in the tab "Console": + rlink + Build complete. + LinkerSubCommand.tmp | F67: Simulator | G67: FR | H67: not yet | I67: new Tcs (add from RT for v3.0) rx-elf-gcc: error: CreateProcess: No such file or directory | J67: RVC GCSTrangT | K67: 5.1 and older | L67: Ju148_RT410 | M67: Pass | N67: GCS/Ju148 | O67: Pass | P67: 42776 | Q67: GCS/LinhD[/Ju/148] | S67: Pass | T67: 42794 | U67: GCS/LinhD[/Ju/148] | AJ67: =IF(AI67>0, IF(AI67>=14,"D",IF(AI67>=8,"N","E")),"") | AN67: =IF(AM67>0, IF(AM67>=14,"D",IF(AM67>=8,"N","E")),"")
B68: 29-1-1-007 | D68: 1. Project(Menu) > Properties > Settings > Tool Setting > Linker > Input 2. Select “Add” and add file path at Additional input files 3. Click Apply button > Click OK button 4. Build project 5. Verify the existence of following item in "Console" tab: + rlink + Build complete. + LinkerSubCommand.tmp | E68: - The object/library files added to ‘Additional input files’ - Additional input files will also be added to Linker > Input> Advanced > Linkage order list and LinkerSubCommand.tmp file - Following item exist in the tab "Console": + rlink + Build complete. + LinkerSubCommand.tmp | F68: Simulator | G68: FR | H68: not yet | I68: new Tcs (add from RT for v3.0) rx-elf-gcc: error: CreateProcess: No such file or directory | J68: RVC GCSTrangT | K68: 5.1 and older | L68: Ju148_RT410 | M68: Pass | N68: GCS/Ju148 | O68: Pass | P68: 42776 | Q68: GCS/LinhD[/Ju/148] | S68: Pass | T68: 42794 | U68: GCS/LinhD[/Ju/148] | AJ68: =IF(AI68>0, IF(AI68>=14,"D",IF(AI68>=8,"N","E")),"") | AN68: =IF(AM68>0, IF(AM68>=14,"D",IF(AM68>=8,"N","E")),"")
B69: 29-1-1-008 | D69: 1. Project(Menu) > Properties > Settings > Tool Setting > Linker > Input 2. Select “Delete” | E69: - Object/library is removed - Deleting object/library from ‘Additional input files’ option will also remove file from Linker > Input> Advanced > Linkage order list and LinkerSubCommand.tmp file | F69: Simulator | G69: FR | H69: not yet | I69: new Tcs (add from RT for v3.0) | J69: RVC GCSTrangT | K69: 5.1 and older | L69: Ju148_RT410 | M69: Pass | N69: GCS/Ju148 | O69: Pass | P69: 42776 | Q69: GCS/LinhD[/Ju/148] | S69: Pass | T69: 42794 | U69: GCS/LinhD[/Ju/148] | AJ69: =IF(AI69>0, IF(AI69>=14,"D",IF(AI69>=8,"N","E")),"") | AN69: =IF(AM69>0, IF(AM69>=14,"D",IF(AM69>=8,"N","E")),"")
B70: 29-1-1-009 | C70: Validations for custom linkage order (GNURX-ELF toolchain) | D70: 1. User adds invalid file: Only ‘.o’, ‘.a’ and ‘.rel’ extensions are supported. 2. Rename to a valid file (extension .o) 3. Add a new invalid file (.lib) 4. Check message box is shown | E70: Not appear Message box: “Invalid file (supported extensions - .o, .a and .rel)” | F70: Simulator | G70: FR | H70: not yet | I70: Trac #5480 | J70: RVC GCSTrangT | K70: 5.1 and older | L70: Ju148_RT410 | M70: Pass | N70: GCS/Ju148 | O70: Pass | P70: 42776 | Q70: GCS/LinhD[/Ju/148] | S70: Pass | T70: 42794 | U70: GCS/LinhD[/Ju/148] | AJ70: =IF(AI70>0, IF(AI70>=14,"D",IF(AI70>=8,"N","E")),"") | AN70: =IF(AM70>0, IF(AM70>=14,"D",IF(AM70>=8,"N","E")),"")
B71: 29-1-1-010 | D71: User adds duplicate file | E71: Message box: “File already exists in the list” | F71: Simulator | G71: FR | H71: not yet | I71: new Tcs (add from RT for v3.0) | J71: RVC GCSTrangT | K71: 5.1 and older | L71: Ju148_RT410 | M71: Pass | N71: GCS/Ju148 | O71: Pass | P71: 42776 | Q71: GCS/LinhD[/Ju/148] | S71: Pass | T71: 42794 | U71: GCS/LinhD[/Ju/148] | AJ71: =IF(AI71>0, IF(AI71>=14,"D",IF(AI71>=8,"N","E")),"") | AN71: =IF(AM71>0, IF(AM71>=14,"D",IF(AM71>=8,"N","E")),"")
B72: 29-1-1-011 | D72: User removes project file: User will not be able to delete the object / library which is part of the project. | E72: Message box: “Cannot remove project file” | F72: Simulator | G72: FR | H72: not yet | I72: new Tcs (add from RT for v3.0) | J72: RVC GCSTrangT | K72: 5.1 and older | L72: Ju148_RT410 | M72: Pass | N72: GCS/Ju148 | O72: Pass | P72: 42776 | Q72: GCS/LinhD[/Ju/148] | S72: Pass | T72: 42794 | U72: GCS/LinhD[/Ju/148] | AJ72: =IF(AI72>0, IF(AI72>=14,"D",IF(AI72>=8,"N","E")),"") | AN72: =IF(AM72>0, IF(AM72>=14,"D",IF(AM72>=8,"N","E")),"")
B73: 29-1-1-012 | D73: User edits project file: User will not be able to edit the object / library which is part of the project. | E73: Message box: “Cannot edit project file” | F73: Simulator | G73: FR | H73: not yet | I73: new Tcs (add from RT for v3.0) | J73: RVC GCSTrangT | K73: 5.1 and older | L73: Ju148_RT410 | M73: Pass | N73: GCS/Ju148 | O73: Pass | P73: 42776 | Q73: GCS/LinhD[/Ju/148] | S73: Pass | T73: 42794 | U73: GCS/LinhD[/Ju/148] | AJ73: =IF(AI73>0, IF(AI73>=14,"D",IF(AI73>=8,"N","E")),"") | AN73: =IF(AM73>0, IF(AM73>=14,"D",IF(AM73>=8,"N","E")),"")
B74: 29-1-2-001 | C74: Check the existence of linkage UI when project is created in Renesas RXC Toolchain | D74: 1. Create new C executable project using Renesas RXC Toolchain 2. Select a project > Properties 3. Choose “Settings > Tool Setting > Linker > Input > Advanced” 4. Check each UI node | E74: - Label display right. - "Auto" is selected on Prelinker control. - Use entry point checkbox is unchecked and textbox is disable - Use custom linkage order is unchecked and list box is disable | F74: Simulator | G74: FR | H74: not yet | I74: new Tcs (add from RT for v3.0) | J74: RVC GCSTrangT | K74: 5.1 and older | L74: Ju148_RT410 | M74: Pass | N74: GCS/Ju148 | O74: Pass | P74: 42776 | Q74: GCS/LinhD[/Ju/148] | S74: Pass | T74: 42794 | U74: GCS/LinhD[/Ju/148] | AJ74: =IF(AI74>0, IF(AI74>=14,"D",IF(AI74>=8,"N","E")),"") | AN74: =IF(AM74>0, IF(AM74>=14,"D",IF(AM74>=8,"N","E")),"")
B75: 29-1-2-002 | D75: 1. Create new C static library project using Renesas RXC Toolchain 2. Select a project > Properties 3. Choose “Settings > Tool Setting > Linker > Input > Advanced” 4. Check each UI node is existed | E75: - Label display right. - "Auto" is selected on Prelinker control. - Use entry point checkbox is unchecked and textbox is disable - Use custom linkage order is unchecked and list box is disable | F75: Simulator | G75: FR | H75: not yet | I75: new Tcs (add from RT for v3.0) | J75: RVC GCSTrangT | K75: 5.1 and older | L75: Ju148_RT410 | M75: Pass | N75: GCS/Ju148 | O75: Pass | P75: 42776 | Q75: GCS/LinhD[/Ju/148] | S75: Pass | T75: 42794 | U75: GCS/LinhD[/Ju/148] | AJ75: =IF(AI75>0, IF(AI75>=14,"D",IF(AI75>=8,"N","E")),"") | AN75: =IF(AM75>0, IF(AM75>=14,"D",IF(AM75>=8,"N","E")),"")
B76: 29-1-2-003 | D76: 1. Create new C++ executable project usingRenesas RXC Toolchain 2. Click on project tree and press “Alt + T” 3. Choose “Settings > Tool Setting > Linker > Input > Advanced” 4. Check each UI node | E76: - Label display right. - "Auto" is selected on Prelinker control. - Use entry point checkbox is unchecked and textbox is disable - Use custom linkage order is unchecked and list box is disable | F76: Simulator | G76: FR | H76: not yet | I76: new Tcs (add from RT for v3.0) | J76: RVC GCSTrangT | K76: 5.1 and older | L76: Ju148_RT410 | M76: Pass | N76: GCS/Ju148 | O76: Pass | P76: 42776 | Q76: GCS/LinhD[/Ju/148] | S76: Pass | T76: 42794 | U76: GCS/LinhD[/Ju/148] | AJ76: =IF(AI76>0, IF(AI76>=14,"D",IF(AI76>=8,"N","E")),"") | AN76: =IF(AM76>0, IF(AM76>=14,"D",IF(AM76>=8,"N","E")),"")
B77: 29-1-2-004 | D77: 1. Create new C++ static library project using Renesas RXC Toolchain 2. Click on project tree and press “Alt + T” 3. Choose “Settings > Tool Setting > Linker > Input > Advanced” 4. Check each UI node is not existed | E77: - Label display right. - "Auto" is selected on Prelinker control. - Use entry point checkbox is unchecked and textbox is disable - Use custom linkage order is unchecked and list box is disable | F77: Simulator | G77: FR | H77: not yet | I77: new Tcs (add from RT for v3.0) | J77: RVC GCSTrangT | K77: 5.1 and older | L77: Ju148_RT410 | M77: Pass | N77: GCS/Ju148 | O77: Pass | P77: 42776 | Q77: GCS/LinhD[/Ju/148] | S77: Pass | T77: 42794 | U77: GCS/LinhD[/Ju/148] | AJ77: =IF(AI77>0, IF(AI77>=14,"D",IF(AI77>=8,"N","E")),"") | AN77: =IF(AM77>0, IF(AM77>=14,"D",IF(AM77>=8,"N","E")),"")
B78: 29-1-2-005 | C78: Selection of Use custom linkage order option (Check with RXC toolchain) | D78: 1. Invoke e2 studio 2. Select a project 3. Project(Menu) > Properties > Settings > Tool Setting > Linker > Input > Advance. Select 'Use custom linkage order' checkbox 4. Check status of buttons and Linkage order list | E78: - This checkbox is not selected by default and the default linkage order will be used while building the project - Can enable feature to customize the linkage order of objects/libraries. - “Add”, “Delete”, “Edit”, “Move up”, “Move Down” button is enable - Linkage order list is enable | F78: Simulator | G78: FR | H78: not yet | I78: new Tcs (add from RT for v3.0) | J78: RVC GCSTrangT | K78: 5.1 and older | L78: Ju148_RT410 | M78: Pass | N78: GCS/Ju148 | O78: Pass | P78: 42776 | Q78: GCS/LinhD[/Ju/148] | S78: Pass | T78: 42794 | U78: GCS/LinhD[/Ju/148] | AJ78: =IF(AI78>0, IF(AI78>=14,"D",IF(AI78>=8,"N","E")),"") | AN78: =IF(AM78>0, IF(AM78>=14,"D",IF(AM78>=8,"N","E")),"")
B79: 29-1-2-006 | C79: Reordered linkage build (Check with RXC) | D79: 1. Ensure that ‘Use custom linkage order’ checkbox is selected, change the order of objects/libraries to be linked 2. Click Apply button 3. Click OK button 4. Build project | E79: - User will be able to change the order (move up / move down) of objects / libraries to be linked - Project is built successful, content in LinkerSubCommand.tmp file is same as setting (\HardwareDebug\LinkerSubCommand.tmp) | F79: Simulator | G79: FR | H79: not yet | I79: new Tcs (add from RT for v3.0) | J79: RVC GCSTrangT | K79: 5.1 and older | L79: Ju148_RT410 | M79: Pass | N79: GCS/Ju148 | O79: Pass | P79: 42776 | Q79: GCS/LinhD[/Ju/148] | S79: Pass | T79: 42794 | U79: GCS/LinhD[/Ju/148] | AJ79: =IF(AI79>0, IF(AI79>=14,"D",IF(AI79>=8,"N","E")),"") | AN79: =IF(AM79>0, IF(AM79>=14,"D",IF(AM79>=8,"N","E")),"")
B80: 29-1-2-007 | D80: 1. Project(Menu) > Properties > Settings > Tool Setting > Linker > Input > Advanced 2. Ensure that ‘Use custom linkage order’ checkbox is selected, change the order of objects/libraries to be linked 3. Select Restore Defaults button | E80: - ‘Use custom linkage order’ checkbox is unselected - The order of objects/ libraries is restored to default | F80: Simulator | G80: FR | H80: not yet | I80: new Tcs (add from RT for v3.0) | J80: RVC GCSTrangT | K80: 5.1 and older | L80: Ju148_RT410 | M80: Pass | N80: GCS/Ju148 | O80: Pass | P80: 42776 | Q80: GCS/LinhD[/Ju/148] | S80: Pass | T80: 42794 | U80: GCS/LinhD[/Ju/148] | AJ80: =IF(AI80>0, IF(AI80>=14,"D",IF(AI80>=8,"N","E")),"") | AN80: =IF(AM80>0, IF(AM80>=14,"D",IF(AM80>=8,"N","E")),"")
B81: 29-1-2-008 | C81: Object/library updated in linkage order (Check with RXC toolchain) | D81: 1. Project(Menu) > Properties > Settings > Tool Setting > Linker > Input > Advanced 2. Ensure that ‘Use custom linkage order’ checkbox is selected 3. Select “Add” and add a valid file path 4. Click Apply button > Click OK button 5. Build project 6. Verify the existence of following item in "Console" tab: + rlink + Build complete. + LinkerSubCommand.tmp | E81: - User can add / delete the new items. All the objects/libraries will be passed to the linker through the LinkerSubCommand.tmp file - Following item exist in the tab "Console": + rlink + Build complete. + LinkerSubCommand.tmp | F81: Simulator | G81: FR | H81: not yet | I81: new Tcs (add from RT for v3.0) | J81: RVC GCSTrangT | K81: 5.1 and older | L81: Ju148_RT410 | M81: Pass | N81: GCS/Ju148 | O81: Pass | P81: 42776 | Q81: GCS/LinhD[/Ju/148] | S81: Pass | T81: 42794 | U81: GCS/LinhD[/Ju/148] | AJ81: =IF(AI81>0, IF(AI81>=14,"D",IF(AI81>=8,"N","E")),"") | AN81: =IF(AM81>0, IF(AM81>=14,"D",IF(AM81>=8,"N","E")),"")
B82: 29-1-2-009 | D82: 1. Project(Menu) > Properties > Settings > Tool Setting > Linker > Input > Advanced 2. Ensure that ‘Use custom linkage order’ checkbox is selected 3. Select “Add” and add an invalid file path (“a.lib”) (“H:\ a.lib”) 4. Click Apply button > Click OK button 5. Build project 6. Verify the existence of following item in "Console" tab: + rlink + Build complete. + LinkerSubCommand.tmp | E82: - User can add / delete the new items. All the objects/libraries will be passed to the linker through the LinkerSubCommand.tmp file - Following item exist in the tab "Console": + rlink + Build complete (not exist) + LinkerSubCommand.tmp - Build Error: Cannot open file “a.lib”/ “H:/a.lib” | F82: Simulator | G82: FR | H82: not yet | I82: new Tcs (add from RT for v3.0) | J82: RVC GCSTrangT | K82: 5.1 and older | L82: Ju148_RT410 | M82: Pass | N82: GCS/Ju148 | O82: Pass | P82: 42776 | Q82: GCS/LinhD[/Ju/148] | S82: Pass | T82: 42794 | U82: GCS/LinhD[/Ju/148] | AJ82: =IF(AI82>0, IF(AI82>=14,"D",IF(AI82>=8,"N","E")),"") | AN82: =IF(AM82>0, IF(AM82>=14,"D",IF(AM82>=8,"N","E")),"")
B83: 29-1-2-010 | D83: <Continue with above steps> 1. Project(Menu) > Properties > Settings > Tool Setting > Linker > Input > Advance 2. Select “a.lib” > “Edit” 3. Click “Workspace” in “Edit file path”dialog > Browse to a valid file > OK 4. Build project | E83: - Can edit file path - Build successful | F83: Simulator | G83: FR | H83: not yet | I83: new Tcs (add from RT for v3.0) Trac #4596 | J83: RVC GCSTrangT | K83: 5.1 and older | L83: Ju148_RT410 | M83: Pass | N83: GCS/Ju148 | O83: Pass | P83: 42776 | Q83: GCS/LinhD[/Ju/148] | S83: Pass | T83: 42794 | U83: GCS/LinhD[/Ju/148] | AJ83: =IF(AI83>0, IF(AI83>=14,"D",IF(AI83>=8,"N","E")),"") | AN83: =IF(AM83>0, IF(AM83>=14,"D",IF(AM83>=8,"N","E")),"")
B84: 29-1-2-011 | D84: <Continue with TC 29-1-2-009> <Continue with above steps> 1. Project(Menu) > Properties > Settings > Tool Setting > Linker > Input > Advance 2. Select “a.lib” > “Edit” 3. Click “File System” in “Edit file path”dialog > Browse to a valid file > OK 4. Build project | E84: - Can edit file path - Build successful | F84: Simulator | G84: FR | H84: not yet | I84: new Tcs (add from RT for v3.0) | J84: RVC GCSTrangT | K84: 5.1 and older | L84: Ju148_RT410 | M84: Pass | N84: GCS/Ju148 | O84: Pass | P84: 42776 | Q84: GCS/LinhD[/Ju/148] | S84: Pass | T84: 42794 | U84: GCS/LinhD[/Ju/148] | AJ84: =IF(AI84>0, IF(AI84>=14,"D",IF(AI84>=8,"N","E")),"") | AN84: =IF(AM84>0, IF(AM84>=14,"D",IF(AM84>=8,"N","E")),"")
B85: 29-1-2-012 | D85: Pre-condition: Create C/C++ project with RXC tool chain 1. Project(Menu) > Properties > Settings > Tool Setting > Linker > Input 2. Select “Add” and add a valid file path 4. Click Apply button > Click OK button 5. Build project 6. Verify the existence of following item in "Console" tab: + rlink + Build complete. + LinkerSubCommand.tmp | E85: - The object/library files added to ‘Additional input files’ - Additional input files will also be added to Linker > Input> Advanced > Linkage order list - Following item exist in the tab "Console": + rlink + Build complete. + LinkerSubCommand.tmp | F85: Simulator | G85: FR | H85: not yet | I85: new Tcs (add from RT for v3.0) | J85: RVC GCSTrangT | K85: 5.1 and older | L85: Ju148_RT410 | M85: Pass | N85: GCS/Ju148 | O85: Pass | P85: 42776 | Q85: GCS/LinhD[/Ju/148] | S85: Pass | T85: 42794 | U85: GCS/LinhD[/Ju/148] | AJ85: =IF(AI85>0, IF(AI85>=14,"D",IF(AI85>=8,"N","E")),"") | AN85: =IF(AM85>0, IF(AM85>=14,"D",IF(AM85>=8,"N","E")),"")
B86: 29-1-2-013 | D86: <Continue with above step> 1. Project(Menu) > Properties > Settings > Tool Setting > Linker > Input 2. Select “Add” and add an invalid file path “a.lib” 4. Click Apply button > Click OK button 5. Build project 6. Verify the existence of following item in "Console" tab: + rlink + Build complete. + LinkerSubCommand.tmp | E86: - The object/library files added to ‘Additional input files’ - Additional input files will also be added to Linker > Input> Advanced > Linkage order list - Following item exist in the tab "Console": + rlink + Build complete (not exist) + LinkerSubCommand.tmp - Build error: F0563300:Cannot open file : ".\a.lib" "a.lib" | F86: Simulator | G86: FR | H86: not yet | I86: new Tcs (add from RT for v3.0) | J86: RVC GCSTrangT | K86: 5.1 and older | L86: Ju148_RT410 | M86: Pass | N86: GCS/Ju148 | O86: Pass | P86: 42776 | Q86: GCS/LinhD[/Ju/148] | S86: Pass | T86: 42794 | U86: GCS/LinhD[/Ju/148] | AJ86: =IF(AI86>0, IF(AI86>=14,"D",IF(AI86>=8,"N","E")),"") | AN86: =IF(AM86>0, IF(AM86>=14,"D",IF(AM86>=8,"N","E")),"")
B87: 29-1-2-014 | D87: <Continue with above steps> 1. Project(Menu) > Properties > Settings > Tool Setting > Linker > Input 2. Select “a.lib” > “Edit” 3. Click “Workspace” in “Edit file path”dialog > Browse to a valid file > OK 4. Build project | E87: - Can edit file path - Build successful | F87: Simulator | G87: FR | H87: not yet | I87: new Tcs (add from RT for v3.0) Trac #4596 | J87: RVC GCSTrangT | K87: 5.1 and older | L87: Ju148_RT410 | M87: Pass | N87: GCS/Ju148 | O87: Pass | P87: 42776 | Q87: GCS/LinhD[/Ju/148] | S87: Pass | T87: 42794 | U87: GCS/LinhD[/Ju/148] | AJ87: =IF(AI87>0, IF(AI87>=14,"D",IF(AI87>=8,"N","E")),"") | AN87: =IF(AM87>0, IF(AM87>=14,"D",IF(AM87>=8,"N","E")),"")
B88: 29-1-2-015 | D88: <Continue with TC 29-1-2-013> <Continue with above steps> 1. Project(Menu) > Properties > Settings > Tool Setting > Linker > Input 2. Select “a.lib” > “Edit” 3. Click “File System” in “Edit file path”dialog > Browse to a valid file > OK 4. Build project | E88: - Can edit file path - Build successful | F88: Simulator | G88: FR | H88: not yet | I88: new Tcs (add from RT for v3.0) | J88: RVC GCSTrangT | K88: 5.1 and older | L88: Ju148_RT410 | M88: Pass | N88: GCS/Ju148 | O88: Pass | P88: 42776 | Q88: GCS/LinhD[/Ju/148] | S88: Pass | T88: 42794 | U88: GCS/LinhD[/Ju/148] | AJ88: =IF(AI88>0, IF(AI88>=14,"D",IF(AI88>=8,"N","E")),"") | AN88: =IF(AM88>0, IF(AM88>=14,"D",IF(AM88>=8,"N","E")),"")
B89: 29-1-2-016 | D89: 1. Project(Menu) > Properties > Settings > Tool Setting > Linker > Input 2. Add some valid file > Build 3. Project(Menu) > Properties > Settings > Tool Setting > Linker > Input 4. Select some items > “Delete” 5. Build project | E89: - Object/library is removed - Deleting object/library from 'Relocatable files, object files and library files' ‘Additional input files’ option will also remove file from Linker > Input> Advanced > Linkage order list and LinkerSubCommand.tmp file | F89: Simulator | G89: FR | H89: not yet | I89: new Tcs (add from RT for v3.0) | J89: RVC GCSTrangT | K89: 5.1 and older | L89: Ju148_RT410 | M89: Pass | N89: GCS/Ju148 | O89: Pass | P89: 42776 | Q89: GCS/LinhD[/Ju/148] | S89: Pass | T89: 42794 | U89: GCS/LinhD[/Ju/148] | AJ89: =IF(AI89>0, IF(AI89>=14,"D",IF(AI89>=8,"N","E")),"") | AN89: =IF(AM89>0, IF(AM89>=14,"D",IF(AM89>=8,"N","E")),"")
B90: 29-1-2-017 | D90: 1. Create new C executable project named "testRXC" using Renesas RXC Toolchain 2. Add file “abc.c” to project tree > Build project 3. Select project and press Alt-T 4. Go to: Linker > Input > Advanced and confirm value 5. Open LinkerSubCommand.tmp file and confirm value | E90: 3. ".\src\abc.obj" is add to custom linkage order list and LinkerSubCommand.tmp file | F90: Simulator | G90: FR | H90: not yet | I90: new Tcs (add from RT for v3.0) | J90: RVC GCSTrangT | K90: 5.1 and older | L90: Ju148_RT410 | M90: Pass | N90: GCS/Ju148 | O90: Pass | P90: 42776 | Q90: GCS/LinhD[/Ju/148] | S90: Pass | T90: 42794 | U90: GCS/LinhD[/Ju/148] | AJ90: =IF(AI90>0, IF(AI90>=14,"D",IF(AI90>=8,"N","E")),"") | AN90: =IF(AM90>0, IF(AM90>=14,"D",IF(AM90>=8,"N","E")),"")
B91: 29-1-2-019 | D91: <Continue TC 29-1-2-017> 3. Rename “abc.c” > “abcd.c” 4. Build project and confirm value | E91: - ".\src\abc.obj" is removed from custom linkage order list and LinkerSubCommand.tmp file - ".\src\abcd.obj" is add to custom linkage order list and LinkerSubCommand.tmp file | F91: Simulator | G91: FR | H91: not yet | I91: new Tcs (add from RT for v3.0) | J91: RVC GCSTrangT | K91: 5.1 and older | L91: Ju148_RT410 | M91: Pass | N91: GCS/Ju148 | O91: Pass | P91: 42776 | Q91: GCS/LinhD[/Ju/148] | S91: Pass | T91: 42794 | U91: GCS/LinhD[/Ju/148] | AJ91: =IF(AI91>0, IF(AI91>=14,"D",IF(AI91>=8,"N","E")),"") | AN91: =IF(AM91>0, IF(AM91>=14,"D",IF(AM91>=8,"N","E")),"")
B92: 29-1-2-020 | D92: <Continue above steps> 4. Delete source file “abcd.c” | E92: 4. ".\src\abcd.obj" is removed from custom linkage order list but ".\src\abcd.obj" is still appear in LinkerSubCommand.tmp file | F92: Simulator | G92: FR | H92: not yet | I92: new Tcs (add from RT for v3.0) | J92: RVC GCSTrangT | K92: 5.1 and older | L92: Ju148_RT410 | M92: Pass | N92: GCS/Ju148 | O92: Pass | P92: 42776 | Q92: GCS/LinhD[/Ju/148] | S92: Pass | T92: 42794 | U92: GCS/LinhD[/Ju/148] | AJ92: =IF(AI92>0, IF(AI92>=14,"D",IF(AI92>=8,"N","E")),"") | AN92: =IF(AM92>0, IF(AM92>=14,"D",IF(AM92>=8,"N","E")),"")
B93: 29-1-2-021 | D93: 1. Create new Static Library C project, Renesas RXC toolchain “StaticLib_RXC” 2. Add some source file (a.c, b.c and c.c ) > Build project 3. Select project and press Alt + T 4. Go to: Linker > Input > Advance 5. On Use custom linkage order > Change order of a.obj, b.obj and c.obj 4. Check linkage order 5. Build project | E93: 5. Custom linkage order list and LinkerSubCommand.tmp file is correct | F93: Simulator | G93: FR | H93: not yet | I93: new Tcs (add from RT for v3.0) | J93: RVC GCSTrangT | K93: 5.1 and older | L93: Ju148_RT410 | M93: Pass | N93: GCS/Ju148 | O93: Pass | P93: 42776 | Q93: GCS/LinhD[/Ju/148] | S93: Pass | T93: 42794 | U93: GCS/LinhD[/Ju/148] | AJ93: =IF(AI93>0, IF(AI93>=14,"D",IF(AI93>=8,"N","E")),"") | AN93: =IF(AM93>0, IF(AM93>=14,"D",IF(AM93>=8,"N","E")),"")
B94: 29-1-2-022 | D94: <Continue above steps> 6. Modify new source files 7. Change linkage order and re-build project | E94: 7. Custom linkage order list and LinkerSubCommand.tmp file is updated | F94: Simulator | G94: FR | H94: not yet | I94: new Tcs (add from RT for v3.0) | J94: RVC GCSTrangT | K94: 5.1 and older | L94: Ju148_RT410 | M94: Pass | N94: GCS/Ju148 | O94: Pass | P94: 42776 | Q94: GCS/LinhD[/Ju/148] | S94: Pass | T94: 42794 | U94: GCS/LinhD[/Ju/148] | AJ94: =IF(AI94>0, IF(AI94>=14,"D",IF(AI94>=8,"N","E")),"") | AN94: =IF(AM94>0, IF(AM94>=14,"D",IF(AM94>=8,"N","E")),"")
B95: 29-1-2-023 | C95: Validations for custom linkage order (RXC toolchain) | D95: 1. User adds valid invalid file: Only ‘.obj’, ‘.lib’, ,'.libelf', '.rel’ and '.bin' file extensions are supported. 2. Rename to a valid file (extension .lib) 3. Add a new invalid file (.o) 4. Check message box is shown | E95: Added file is invalid. Please specify an existing .obj/ .lib/ .libelf/ .rel/ .bin file. | F95: Simulator | G95: FR | H95: not yet | I95: new Tcs (add from RT for v3.0) | J95: RVC GCSTrangT | K95: 5.1 and older | L95: Ju148_RT410 | M95: Pass | N95: GCS/Ju148 | O95: Pass | P95: 42776 | Q95: GCS/LinhD[/Ju/148] | S95: Pass | T95: 42794 | U95: GCS/LinhD[/Ju/148] | AJ95: =IF(AI95>0, IF(AI95>=14,"D",IF(AI95>=8,"N","E")),"") | AN95: =IF(AM95>0, IF(AM95>=14,"D",IF(AM95>=8,"N","E")),"")
B96: 29-1-2-024 | D96: User removes project file: User will not be able to delete the object / library which is part of the project. | E96: Could not remove project internal .obj/ .lib/ .libelf file. Please specify another file | F96: Simulator | G96: FR | H96: not yet | I96: new Tcs (add from RT for v3.0) | J96: RVC GCSTrangT | K96: 5.1 and older | L96: Ju148_RT410 | M96: Pass | N96: GCS/Ju148 | O96: Pass | P96: 42776 | Q96: GCS/LinhD[/Ju/148] | S96: Pass | T96: 42794 | U96: GCS/LinhD[/Ju/148] | AJ96: =IF(AI96>0, IF(AI96>=14,"D",IF(AI96>=8,"N","E")),"") | AN96: =IF(AM96>0, IF(AM96>=14,"D",IF(AM96>=8,"N","E")),"")
B97: 29-1-2-025 | D97: User edits project file: User will not be able to edit the object / library which is part of the project. | E97: Could not edit project internal .obj/ .lib/ .libelf file. Please specify another file | F97: Simulator | G97: FR | H97: not yet | I97: new Tcs (add from RT for v3.0) | J97: RVC GCSTrangT | K97: 5.1 and older | L97: Ju148_RT410 | M97: Pass | N97: GCS/Ju148 | O97: Pass | P97: 42776 | Q97: GCS/LinhD[/Ju/148] | S97: Pass | T97: 42794 | U97: GCS/LinhD[/Ju/148] | AJ97: =IF(AI97>0, IF(AI97>=14,"D",IF(AI97>=8,"N","E")),"") | AN97: =IF(AM97>0, IF(AM97>=14,"D",IF(AM97>=8,"N","E")),"")
B98: 29-1-2-026 | D98: User adds duplicate file | E98: Added file existing in list. Please specify another file | F98: Simulator | G98: FR | H98: not yet | I98: new Tcs (add from RT for v3.0) | J98: RVC GCSTrangT | K98: 5.1 and older | L98: Ju148_RT410 | M98: Pass | N98: GCS/Ju148 | O98: Pass | P98: 42776 | Q98: GCS/LinhD[/Ju/148] | S98: Pass | T98: 42794 | U98: GCS/LinhD[/Ju/148] | AJ98: =IF(AI98>0, IF(AI98>=14,"D",IF(AI98>=8,"N","E")),"") | AN98: =IF(AM98>0, IF(AM98>=14,"D",IF(AM98>=8,"N","E")),"")
B99: 29-1-3-001 | C99: Check with Static Library project- RXC toolchain | D99: 1. Create new Static Library C project, Renesas RXC toolchain “StaticLib_RXC” 2. Project(Menu) > Properties > Settings > Tool Setting > Linker > Input 3. Select “Add” and add a valid file path 4. Click Apply button > Click OK button 5. Build project 6. Verify the existence of following item in "Console" tab: + rlink + Build complete. + LinkerSubCommand.tmp | E99: - The object/library files added to ‘Additional input files’ - Additional input files will also be added to Linker > Input> Advanced > Linkage order list and LinkerSubCommand.tmp file - Following item exist in the tab "Console": + rlink + Build complete. + LinkerSubCommand.tmp | F99: Simulator | G99: FR | H99: not yet | I99: new Tcs (add from RT for v3.0) Trac #4669 | J99: RVC GCSTrangT | K99: 5.1 and older | L99: Ju148_RT410 | M99: Pass | N99: GCS/Ju148 | O99: Pass | P99: 42776 | Q99: GCS/LinhD[/Ju/148] | S99: Pass | T99: 42794 | U99: GCS/LinhD[/Ju/148] | AJ99: =IF(AI99>0, IF(AI99>=14,"D",IF(AI99>=8,"N","E")),"") | AN99: =IF(AM99>0, IF(AM99>=14,"D",IF(AM99>=8,"N","E")),"")
B100: 29-1-3-002 | D100: 1. Create new Static Library C project, Renesas RXC toolchain “StaticLib_RXC” 2. Project(Menu) > Properties > Settings > Tool Setting > Linker > Input 3. Select “Add” and add an invalid file path “a.lib” 4. Click Apply button > Click OK button 5. Build project 6. Verify the existence of following item in "Console" tab: + rlink + Build complete. + LinkerSubCommand.tmp | E100: - The object/library files added to ‘Additional input files’ - Additional input files will also be added to Linker > Input> Advanced > Linkage order list and LinkerSubCommand.tmp file - Following item exist in the tab "Console": + rlink + LinkerSubCommand.tmp - Build error: F0563300:Cannot open file: ".\a.lib" "a.lib" | F100: Simulator | G100: FR | H100: not yet | I100: new Tcs (add from RT for v3.0) Trac #4669 | J100: RVC GCSTrangT | K100: 5.1 and older | L100: Ju148_RT410 | M100: Pass | N100: GCS/Ju148 | O100: Pass | P100: 42776 | Q100: GCS/LinhD[/Ju/148] | S100: Pass | T100: 42794 | U100: GCS/LinhD[/Ju/148] | AJ100: =IF(AI100>0, IF(AI100>=14,"D",IF(AI100>=8,"N","E")),"") | AN100: =IF(AM100>0, IF(AM100>=14,"D",IF(AM100>=8,"N","E")),"")
...

Sheet Builder_Enhancement_3.1
A1: Total test cases | C1: =COUNTA($D$15:$D$1000)-COUNTIF($K$15:$K$1000,"-") -> 110 | D1: [Auto limitation] | E1: =COUNTIF($L$15:$L$1000,D1) -> 0 | O1: RVC | P1: =COUNTIFS(Q15:Q1000,"*RVC*") -> 0 | Q1: GCS | R1: =COUNTIFS(Q15:Q1000,"*GCS*") -> 110 | S1: RVC | T1: =COUNTIFS(U15:U1000,"*RVC*") -> 0 | U1: GCS | V1: =COUNTIFS(U15:U1000,"*GCS*") -> 110 | W1: RVC | X1: =COUNTIFS(Y15:Y1000,"*RVC*") -> 0 | Y1: GCS | Z1: =COUNTIFS(Y15:Y1000,"*GCS*") -> 0 | AA1: RVC | AB1: =COUNTIFS(AC15:AC1000,"*RVC*") -> 0 | AC1: GCS | AD1: =COUNTIFS(AC15:AC1000,"*GCS*") -> 0 | AE1: RVC | AF1: =COUNTIFS(AG15:AG1000,"*RVC*") -> 0 | AG1: GCS | AH1: =COUNTIFS(AG15:AG1000,"*GCS*") -> 0
B2: Auto | C2: =SUM(COUNTIF($L$15:$L$1000,{"*Ju*","*RCP*"})) -> 109 | D2: [Lack of equipment] | E2: =COUNTIF($L$15:$L$1000,D2) -> 0 | P2: Total | Q2: Auto | R2: Manual | T2: Total | U2: Auto | V2: Manual | X2: Total | Y2: Auto | Z2: Manual | AB2: Total | AC2: Auto | AD2: Manual | AF2: Total | AG2: Auto | AH2: Manual | AI2: Time | AJ2: Tester | AK2: Num of TC | AM2: Select the RUN: | AN2: =Summary!P2 -> 1 | AO2: Total time | AP2: Total TCs | AQ2: Average time | AR2: Deff. Level
B3: Manual | C3: =C1-C2 -> 1 | H3: Deff. Level | I3: TCs | J3: Time | M3: RVC | N3: =COUNTIFS($N$15:$N$1000,"*RVC*") -> 0 | O3: Executed TCs | P3: =SUM(Q3:R3) -> 110 | Q3: =SUM(Q4:Q5) -> 109 | R3: =SUM(R4:R5) -> 1 | S3: Executed TCs | T3: =SUM(U3:V3) -> 110 | U3: =SUM(U4:U5) -> 109 | V3: =SUM(V4:V5) -> 1 | W3: Executed TCs | X3: =SUM(Y3:Z3) -> 0 | Y3: =SUM(Y4:Y5) -> 0 | Z3: =SUM(Z4:Z5) -> 0 | AA3: Executed TCs | AB3: =SUM(AC3:AD3) -> 0 | AC3: =SUM(AC4:AC5) -> 0 | AD3: =SUM(AD4:AD5) -> 0 | AE3: Executed TCs | AF3: =SUM(AG3:AH3) -> 0 | AG3: =SUM(AG4:AG5) -> 0 | AH3: =SUM(AH4:AH5) -> 0 | AI3: =SUMIFS($AI$15:$AI$1500,$L$15:$L$1500,"*Manual*", INDIRECT(VLOOKUP($AN$2,$AM$3:$AN$7,2,FALSE)),"*"&AJ3&"*") -> 0 | AJ3: Tuan | AK3: =COUNTIFS($L$15:$L$1500, "*Manual*", INDIRECT(VLOOKUP($AN$2,$AM$3:$AN$7,2,FALSE)), "*"&AJ3&"*") -> 1 | AM3: 1 | AN3: $Q$15:$Q$1500 | AO3: =SUMIFS($AI$15:$AI$1500,$L$15:$L$1500,"*Manual*", INDIRECT(AN3),"<>"&"") -> 0 | AP3: =COUNTIFS($L$15:$L$1500,"*Manual*",INDIRECT(AN3),"<>"&"") -> 1 | AQ3: =IFERROR(AO3/AP3,0) -> 0 | AR3: =IF(AQ3>0,IF(AQ3>=14,"D",IF(AQ3>=8,"N","E")),"NOT-YET") -> NOT-YET
H4: D | I4: =COUNTIFS($L$15:$L$1500,"*Manual*",INDIRECT(VLOOKUP($AN$2,$AM$3:$AN$7,2,FALSE)), "<>"&"", $AI$15:$AI$1500,"*"&H4&"*") -> 0 | J4: =SUMIFS($AI$15:$AI$1500,$L$15:$L$1500,"*Manual*", INDIRECT(VLOOKUP($AN$2,$AM$3:$AN$7,2,FALSE)),"<>"&"",$AJ$15:$AJ$1500,"*"&H4&"*") -> 0 | M4: GCS | N4: =COUNTIFS($N$15:$N$1000,"*GCS*") -> 110 | O4: Pass | P4: =COUNTIF(O$15:O$1000,O4) -> 110 | Q4: =SUM(COUNTIFS(Q$15:Q$2500,{"*Ju*","*RCP*"},O$15:O$2500,O4)) -> 109 | R4: =P4-Q4 -> 1 | S4: Pass | T4: =COUNTIF(S$15:S$1000,S4) -> 110 | U4: =SUM(COUNTIFS(U$15:U$2500,{"*Ju*","*RCP*"},S$15:S$2500,S4)) -> 109 | V4: =T4-U4 -> 1 | W4: Pass | X4: =COUNTIF(W$15:W$1000,W4) -> 0 | Y4: =SUM(COUNTIFS(Y$15:Y$2500,{"*Ju*","*RCP*"},W$15:W$2500,W4)) -> 0 | Z4: =X4-Y4 -> 0 | AA4: Pass | AB4: =COUNTIF(AA$15:AA$1000,AA4) -> 0 | AC4: =SUM(COUNTIFS(AC$15:AC$2500,{"*Ju*","*RCP*"},AA$15:AA$2500,AA4)) -> 0 | AD4: =AB4-AC4 -> 0 | AE4: Pass | AF4: =COUNTIF(AE$15:AE$1000,AE4) -> 0 | AG4: =SUM(COUNTIFS(AG$15:AG$2500,{"*Ju*","*RCP*"},AE$15:AE$2500,AE4)) -> 0 | AH4: =AF4-AG4 -> 0 | AI4: =SUMIFS($AI$15:$AI$1500,$L$15:$L$1500,"*Manual*", INDIRECT(VLOOKUP($AN$2,$AM$3:$AN$7,2,FALSE)),"*"&AJ4&"*") -> 0 | AJ4: Long | AK4: =COUNTIFS($L$15:$L$1500, "*Manual*", INDIRECT(VLOOKUP($AN$2,$AM$3:$AN$7,2,FALSE)), "*"&AJ4&"*") -> 0 | AM4: 2 | AN4: $U$15:$U$1500 | AO4: =SUMIFS($AI$15:$AI$1500,$L$15:$L$1500,"*Manual*", INDIRECT(AN4),"<>"&"") -> 0 | AP4: =COUNTIFS($L$15:$L$1500,"*Manual*",INDIRECT(AN4),"<>"&"") -> 1 | AQ4: =IFERROR(AO4/AP4,0) -> 0 | AR4: =IF(AQ4>0,IF(AQ4>=14,"D",IF(AQ4>=8,"N","E")),"NOT-YET") -> NOT-YET
H5: N | I5: =COUNTIFS($L$15:$L$1500,"*Manual*",INDIRECT(VLOOKUP($AN$2,$AM$3:$AN$7,2,FALSE)), "<>"&"", $AI$15:$AI$1500,"*"&H5&"*") -> 0 | J5: =SUMIFS($AI$15:$AI$1500,$L$15:$L$1500,"*Manual*", INDIRECT(VLOOKUP($AN$2,$AM$3:$AN$7,2,FALSE)),"<>"&"",$AJ$15:$AJ$1500,"*"&H5&"*") -> 0 | M5: Pass | N5: =COUNTIFS($M$15:$M$1000,"*Pass*") -> 110 | O5: Fail | P5: =SUM(P6:P9) -> 0 | Q5: =SUM(Q6:Q9) -> 0 | R5: =SUM(R6:R9) -> 0 | S5: Fail | T5: =SUM(T6:T9) -> 0 | U5: =SUM(U6:U9) -> 0 | V5: =SUM(V6:V9) -> 0 | W5: Fail | X5: =SUM(X6:X9) -> 0 | Y5: =SUM(Y6:Y9) -> 0 | Z5: =SUM(Z6:Z9) -> 0 | AA5: Fail | AB5: =SUM(AB6:AB9) -> 0 | AC5: =SUM(AC6:AC9) -> 0 | AD5: =SUM(AD6:AD9) -> 0 | AE5: Fail | AF5: =SUM(AF6:AF9) -> 0 | AG5: =SUM(AG6:AG9) -> 0 | AH5: =SUM(AH6:AH9) -> 0 | AI5: =SUMIFS($AI$15:$AI$1500,$L$15:$L$1500,"*Manual*", INDIRECT(VLOOKUP($AN$2,$AM$3:$AN$7,2,FALSE)),"*"&AJ5&"*") -> 0 | AJ5: Linh | AK5: =COUNTIFS($L$15:$L$1500, "*Manual*", INDIRECT(VLOOKUP($AN$2,$AM$3:$AN$7,2,FALSE)), "*"&AJ5&"*") -> 0 | AM5: 3 | AN5: $Y$15:$Y$1500 | AO5: =SUMIFS($AI$15:$AI$1500,$L$15:$L$1500,"*Manual*", INDIRECT(AN5),"<>"&"") -> 0 | AP5: =COUNTIFS($L$15:$L$1500,"*Manual*",INDIRECT(AN5),"<>"&"") -> 0 | AQ5: =IFERROR(AO5/AP5,0) -> 0 | AR5: =IF(AQ5>0,IF(AQ5>=14,"D",IF(AQ5>=8,"N","E")),"NOT-YET") -> NOT-YET
A6: New in 5.3 RT | C6: =COUNTIF($K$15:$K$1000,"5.3") -> 0 | H6: E | I6: =COUNTIFS($L$15:$L$1500,"*Manual*",INDIRECT(VLOOKUP($AN$2,$AM$3:$AN$7,2,FALSE)), "<>"&"", $AI$15:$AI$1500,"*"&H6&"*") -> 0 | J6: =SUMIFS($AI$15:$AI$1500,$L$15:$L$1500,"*Manual*", INDIRECT(VLOOKUP($AN$2,$AM$3:$AN$7,2,FALSE)),"<>"&"",$AJ$15:$AJ$1500,"*"&H6&"*") -> 0 | M6: Fail | N6: =COUNTIFS($M$15:$M$1000,"*Fail*") -> 0 | O6: Fail (New) | P6: =COUNTIF(O$15:O$1000,"*"&O6&"*") -> 0 | Q6: =SUM(COUNTIFS(Q$15:Q$2500,{"*Ju*","*RCP*"},O$15:O$2500,O6)) -> 0 | R6: =P6-Q6 -> 0 | S6: Fail (New) | T6: =COUNTIF(S$15:S$1000,"*"&S6&"*") -> 0 | U6: =SUM(COUNTIFS(U$15:U$2500,{"*Ju*","*RCP*"},S$15:S$2500,S6)) -> 0 | V6: =T6-U6 -> 0 | W6: Fail (New) | X6: =COUNTIF(W$15:W$1000,"*"&W6&"*") -> 0 | Y6: =SUM(COUNTIFS(Y$15:Y$2500,{"*Ju*","*RCP*"},W$15:W$2500,W6)) -> 0 | Z6: =X6-Y6 -> 0 | AA6: Fail (New) | AB6: =COUNTIF(AA$15:AA$1000,"*"&AA6&"*") -> 0 | AC6: =SUM(COUNTIFS(AC$15:AC$2500,{"*Ju*","*RCP*"},AA$15:AA$2500,AA6)) -> 0 | AD6: =AB6-AC6 -> 0 | AE6: Fail (New) | AF6: =COUNTIF(AE$15:AE$1000,"*"&AE6&"*") -> 0 | AG6: =SUM(COUNTIFS(AG$15:AG$2500,{"*Ju*","*RCP*"},AE$15:AE$2500,AE6)) -> 0 | AH6: =AF6-AG6 -> 0 | AI6: =SUMIFS($AI$15:$AI$1500,$L$15:$L$1500,"*Manual*", INDIRECT(VLOOKUP($AN$2,$AM$3:$AN$7,2,FALSE)),"*"&AJ6&"*") -> 0 | AJ6: Muoi | AK6: =COUNTIFS($L$15:$L$1500, "*Manual*", INDIRECT(VLOOKUP($AN$2,$AM$3:$AN$7,2,FALSE)), "*"&AJ6&"*") -> 0 | AM6: 4 | AN6: $AC$15:$AC$1500 | AO6: =SUMIFS($AI$15:$AI$1500,$L$15:$L$1500,"*Manual*", INDIRECT(AN6),"<>"&"") -> 0 | AP6: =COUNTIFS($L$15:$L$1500,"*Manual*",INDIRECT(AN6),"<>"&"") -> 0 | AQ6: =IFERROR(AO6/AP6,0) -> 0 | AR6: =IF(AQ6>0,IF(AQ6>=14,"D",IF(AQ6>=8,"N","E")),"NOT-YET") -> NOT-YET
M7: Skip | N7: =COUNTIFS($M$15:$M$1000,"*Skip*") -> 0 | O7: Fail (Existing) | P7: =COUNTIF(O$15:O$1000,"*"&O7&"*") -> 0 | Q7: =SUM(COUNTIFS(Q$15:Q$2500,{"*Ju*","*RCP*"},O$15:O$2500,O7)) -> 0 | R7: =P7-Q7 -> 0 | S7: Fail (Existing) | T7: =COUNTIF(S$15:S$1000,"*"&S7&"*") -> 0 | U7: =SUM(COUNTIFS(U$15:U$2500,{"*Ju*","*RCP*"},S$15:S$2500,S7)) -> 0 | V7: =T7-U7 -> 0 | W7: Fail (Existing) | X7: =COUNTIF(W$15:W$1000,"*"&W7&"*") -> 0 | Y7: =SUM(COUNTIFS(Y$15:Y$2500,{"*Ju*","*RCP*"},W$15:W$2500,W7)) -> 0 | Z7: =X7-Y7 -> 0 | AA7: Fail (Existing) | AB7: =COUNTIF(AA$15:AA$1000,"*"&AA7&"*") -> 0 | AC7: =SUM(COUNTIFS(AC$15:AC$2500,{"*Ju*","*RCP*"},AA$15:AA$2500,AA7)) -> 0 | AD7: =AB7-AC7 -> 0 | AE7: Fail (Existing) | AF7: =COUNTIF(AE$15:AE$1000,"*"&AE7&"*") -> 0 | AG7: =SUM(COUNTIFS(AG$15:AG$2500,{"*Ju*","*RCP*"},AE$15:AE$2500,AE7)) -> 0 | AH7: =AF7-AG7 -> 0 | AI7: =SUMIFS($AI$15:$AI$1500,$L$15:$L$1500,"*Manual*", INDIRECT(VLOOKUP($AN$2,$AM$3:$AN$7,2,FALSE)),"*"&AJ7&"*") -> 0 | AJ7: Thinh | AK7: =COUNTIFS($L$15:$L$1500, "*Manual*", INDIRECT(VLOOKUP($AN$2,$AM$3:$AN$7,2,FALSE)), "*"&AJ7&"*") -> 0 | AM7: 5 | AN7: $AG$15:$AG$1500 | AO7: =SUMIFS($AI$15:$AI$1500,$L$15:$L$1500,"*Manual*", INDIRECT(AN7),"<>"&"") -> 0 | AP7: =COUNTIFS($L$15:$L$1500,"*Manual*",INDIRECT(AN7),"<>"&"") -> 0 | AQ7: =IFERROR(AO7/AP7,0) -> 0 | AR7: =IF(AQ7>0,IF(AQ7>=14,"D",IF(AQ7>=8,"N","E")),"NOT-YET") -> NOT-YET
H8: Number of TC that has time bigger than 60 minutes | I8: =COUNTIFS($L$15:$L$1500,"*Manual*",INDIRECT(VLOOKUP($AN$2,$AM$3:$AN$7,2,FALSE)), "<>"&"", $AI$15:$AI$1500,">=60") -> 0 | J8: =SUMIFS($AI$15:$AI$1500,$L$15:$L$1500,"*Manual*", INDIRECT(VLOOKUP($AN$2,$AM$3:$AN$7,2,FALSE)),"<>"&"",$AI$15:$AI$1500,">=60") -> 0 | O8: Fail (Degrade) | P8: =COUNTIF(O$15:O$1000,"*"&O8&"*") -> 0 | Q8: =SUM(COUNTIFS(Q$15:Q$2500,{"*Ju*","*RCP*"},O$15:O$2500,O8)) -> 0 | R8: =P8-Q8 -> 0 | S8: Fail (Degrade) | T8: =COUNTIF(S$15:S$1000,"*"&S8&"*") -> 0 | U8: =SUM(COUNTIFS(U$15:U$2500,{"*Ju*","*RCP*"},S$15:S$2500,S8)) -> 0 | V8: =T8-U8 -> 0 | W8: Fail (Degrade) | X8: =COUNTIF(W$15:W$1000,"*"&W8&"*") -> 0 | Y8: =SUM(COUNTIFS(Y$15:Y$2500,{"*Ju*","*RCP*"},W$15:W$2500,W8)) -> 0 | Z8: =X8-Y8 -> 0 | AA8: Fail (Degrade) | AB8: =COUNTIF(AA$15:AA$1000,"*"&AA8&"*") -> 0 | AC8: =SUM(COUNTIFS(AC$15:AC$2500,{"*Ju*","*RCP*"},AA$15:AA$2500,AA8)) -> 0 | AD8: =AB8-AC8 -> 0 | AE8: Fail (Degrade) | AF8: =COUNTIF(AE$15:AE$1000,"*"&AE8&"*") -> 0 | AG8: =SUM(COUNTIFS(AG$15:AG$2500,{"*Ju*","*RCP*"},AE$15:AE$2500,AE8)) -> 0 | AH8: =AF8-AG8 -> 0 | AI8: =SUMIFS($AI$15:$AI$1500,$L$15:$L$1500,"*Manual*", INDIRECT(VLOOKUP($AN$2,$AM$3:$AN$7,2,FALSE)),"*"&AJ8&"*") -> 0 | AJ8: Quang | AK8: =COUNTIFS($L$15:$L$1500, "*Manual*", INDIRECT(VLOOKUP($AN$2,$AM$3:$AN$7,2,FALSE)), "*"&AJ8&"*") -> 0
O9: Fail (Known) | P9: =COUNTIF(O$15:O$1000,"*"&O9&"*") -> 0 | Q9: =SUM(COUNTIFS(Q$15:Q$2500,{"*Ju*","*RCP*"},O$15:O$2500,O9)) -> 0 | R9: =P9-Q9 -> 0 | S9: Fail (Known) | T9: =COUNTIF(S$15:S$1000,"*"&S9&"*") -> 0 | U9: =SUM(COUNTIFS(U$15:U$2500,{"*Ju*","*RCP*"},S$15:S$2500,S9)) -> 0 | V9: =T9-U9 -> 0 | W9: Fail (Known) | X9: =COUNTIF(W$15:W$1000,"*"&W9&"*") -> 0 | Y9: =SUM(COUNTIFS(Y$15:Y$2500,{"*Ju*","*RCP*"},W$15:W$2500,W9)) -> 0 | Z9: =X9-Y9 -> 0 | AA9: Fail (Known) | AB9: =COUNTIF(AA$15:AA$1000,"*"&AA9&"*") -> 0 | AC9: =SUM(COUNTIFS(AC$15:AC$2500,{"*Ju*","*RCP*"},AA$15:AA$2500,AA9)) -> 0 | AD9: =AB9-AC9 -> 0 | AE9: Fail (Known) | AF9: =COUNTIF(AE$15:AE$1000,"*"&AE9&"*") -> 0 | AG9: =SUM(COUNTIFS(AG$15:AG$2500,{"*Ju*","*RCP*"},AE$15:AE$2500,AE9)) -> 0 | AH9: =AF9-AG9 -> 0 | AI9: =SUMIFS($AI$15:$AI$1500,$L$15:$L$1500,"*Manual*", INDIRECT(VLOOKUP($AN$2,$AM$3:$AN$7,2,FALSE)),"*"&AJ9&"*") -> 0 | AJ9: Anh | AK9: =COUNTIFS($L$15:$L$1500, "*Manual*", INDIRECT(VLOOKUP($AN$2,$AM$3:$AN$7,2,FALSE)), "*"&AJ9&"*") -> 0
O10: Skip | P10: =COUNTIF(O$15:O$1000,"*"&O10&"*") -> 0 | Q10: =SUM(COUNTIFS(Q$15:Q$2500,{"*Ju*","*RCP*"},O$15:O$2500,O10)) -> 0 | R10: =P10-Q10 -> 0 | S10: Skip | T10: =COUNTIF(S$15:S$1000,"*"&S10&"*") -> 0 | U10: =SUM(COUNTIFS(U$15:U$2500,{"*Ju*","*RCP*"},S$15:S$2500,S10)) -> 0 | V10: =T10-U10 -> 0 | W10: Skip | X10: =COUNTIF(W$15:W$1000,"*"&W10&"*") -> 0 | Y10: =SUM(COUNTIFS(Y$15:Y$2500,{"*Ju*","*RCP*"},W$15:W$2500,W10)) -> 0 | Z10: =X10-Y10 -> 0 | AA10: Skip | AB10: =COUNTIF(AA$15:AA$1000,"*"&AA10&"*") -> 0 | AC10: =SUM(COUNTIFS(AC$15:AC$2500,{"*Ju*","*RCP*"},AA$15:AA$2500,AA10)) -> 0 | AD10: =AB10-AC10 -> 0 | AE10: Skip | AF10: =COUNTIF(AE$15:AE$1000,"*"&AE10&"*") -> 0 | AG10: =SUM(COUNTIFS(AG$15:AG$2500,{"*Ju*","*RCP*"},AE$15:AE$2500,AE10)) -> 0 | AH10: =AF10-AG10 -> 0 | AI10: =SUM(AI3:AI9) -> 0 | AJ10: =IFERROR($AG$10/$AI$10,0) -> 0 | AK10: =SUM(AK3:AK9) -> 1
O11: 1 | S11: 2 | W11: 3 | AA11: 4 | AE11: 5 | AI11: Actual | AM11: GCS/Plan
O12: =Summary!R4 -> e2studio_v5.4.0.001-Part1 | S12: =Summary!AM4 -> e2studio_v5.4.0.005 | W12: =Summary!BH4 -> TBD | AA12: =Summary!CC4 -> TBD | AE12: =Summary!CX4 -> TBD | AI12: =SUM(AI15:AI1500) -> 0 | AJ12: =IF($AJ$10>0,IF($AJ$10>=14,"D",IF($AJ$10>=8,"N","E")),"NOT-YET") -> NOT-YET | AM12: =SUM($AM$15:$AM$1500) -> 10 | AN12: =IF(AM12>0,IF($AN$14>=14,"D",IF($AN$14>=8,"N","E")),"NOT-YET") -> N
B13: ID | C13: Test items | D13: Test cases | E13: Expected result | F13: Device- Debugger- Compiler | G13: RCPTT memo (RSD only) | I13: PCL notes | J13: PCL creator | K13: Added to RT of e2s version | L13: Auto | M13: Result on e2 studio v5.3, SSP_1.2.0-b.1 | O13: Result | P13: Date | Q13: Tester | R13: Remark | S13: Result | T13: Date | U13: Tester | V13: Remark | W13: Result | X13: Date | Y13: Tester | Z13: Remark | AA13: Result | AB13: Date | AC13: Tester | AD13: Remark | AE13: Result | AF13: Date | AG13: Tester | AH13: Remark | AI13: Time to execute manual (minute) | AJ13: Level of manual TC | AM13: Time to execute manual (minute) | AN13: Level of manual TC
G14: test phase | H14: status to be replaced | M14: Result | N14: PIC | AM14: Everage time per TC | AN14: =IFERROR($AM$12/COUNTIF($AM$15:$AM$1500, ">0"),0) -> 10
B15: 35-13> CCRX: Linker option setting improvement (#3103) | L15: - | AN15: =IF(AM15>0, IF(AM15>=14,"D",IF(AM15>=8,"N","E")),"")
B16: 35-13-1-001 | C16: Set "-vect", "-vectn" options for RX600 project | D16: 1. New project - Select Toolchain: CCRX - Select Device: RX600 2. Select project item on project tree > Click on "Renesas Tool Settings" button on main toolbar 3. Select Linker > Output > Advanced 4. Check if "-vect", "-vectn" options are supported on GUI | E16: . "-vect" option : "Address setting for specified area of vector table Address setting for unused vector area " . "-vectn" option : "Address setting for unused vector area Address setting for specified area of vector table" | F16: Simulator | G16: FR | H16: not yet | J16: RVC GCSTrangT | K16: 5.1 and older | L16: Ju109_RT401 | M16: Pass | N16: GCS/Ju109 | O16: Pass | P16: 42773 | Q16: GCS/TuanN[/Ju/109] | R16: RUN1_PART1 - GCS/Auto | S16: Pass | T16: 42794 | U16: GCS/TuanN[/Ju/109] | AJ16: =IF(AI16>0, IF(AI16>=14,"D",IF(AI16>=8,"N","E")),"") | AN16: =IF(AM16>0, IF(AM16>=14,"D",IF(AM16>=8,"N","E")),"")
B17: 35-13-1-002 | D17: 1. Continue above 2. Check if tooltip is supported | E17: Tooltip is supported | F17: Simulator | G17: FR | H17: not yet | J17: RVC GCSTrangT | K17: 5.1 and older | L17: Ju109_RT401 | M17: Pass | N17: GCS/Ju109 | O17: Pass | P17: 42773 | Q17: GCS/TuanN[/Ju/109] | R17: RUN1_PART1 - GCS/Auto | S17: Pass | T17: 42794 | U17: GCS/TuanN[/Ju/109] | AJ17: =IF(AI17>0, IF(AI17>=14,"D",IF(AI17>=8,"N","E")),"") | AN17: =IF(AM17>0, IF(AM17>=14,"D",IF(AM17>=8,"N","E")),"")
B18: 35-13-1-003 | D18: 1. Continue above 2. Set Linker options as: -vectn=111=AA -vectn=222=BB -vect=_main 3. Check if options can be set without error 4. Build project 5. Check if build no error, options are output in Linker 6. Debug program 7. Check if debug no error | E18: 3. Options can be set 5. Build no error, options are output in Linker 7. Debug no error | F18: Simulator | G18: FR | H18: not yet | I18: GCS | J18: RVC GCSTrangT | K18: 5.1 and older | L18: Ju109_RT401 | M18: Pass | N18: GCS/Ju109 | O18: Pass | P18: 42773 | Q18: GCS/TuanN[/Ju/109] | R18: RUN1_PART1 - GCS/Auto | S18: Pass | T18: 42794 | U18: GCS/TuanN[/Ju/109] | AJ18: =IF(AI18>0, IF(AI18>=14,"D",IF(AI18>=8,"N","E")),"") | AN18: =IF(AM18>0, IF(AM18>=14,"D",IF(AM18>=8,"N","E")),"")
B19: 35-13-1-004 | D19: 1. Continue above 2. Export to Renesas Common Project File 3. Check if options are exported to Renesas Common Project File | E19: Options are exported to Renesas Common Project File | F19: Simulator | G19: FR | H19: not yet | J19: RVC GCSTrangT | K19: 5.1 and older | L19: Ju109_RT401 | M19: Pass | N19: GCS/Ju109 | O19: Pass | P19: 42773 | Q19: GCS/TuanN[/Ju/109] | R19: RUN1_PART1 - GCS/Auto | S19: Pass | T19: 42794 | U19: GCS/TuanN[/Ju/109] | AJ19: =IF(AI19>0, IF(AI19>=14,"D",IF(AI19>=8,"N","E")),"") | AN19: =IF(AM19>0, IF(AM19>=14,"D",IF(AM19>=8,"N","E")),"")
B20: 35-13-1-005 | D20: Ensure that below Linker options were set in CS+ project: -vectn=111=AA -vectn=222=BB -vect=_main 1. Import project to e2 studio 2. Select project item on project tree > Click on "Renesas Tool Settings" button on main toolbar 3. Select Linker > Output > Advanced 4. Check if "-vect", "-vectn" options are set on GUI | E20: "-vect", "-vectn" options are set on GUI | F20: Simulator | G20: FR | H20: not yet | J20: RVC GCSTrangT | K20: 5.1 and older | L20: Ju109_RT401 | M20: Pass | N20: GCS/Ju109 | O20: Pass | P20: 42773 | Q20: GCS/TuanN[/Ju/109] | R20: RUN1_PART1 - GCS/Auto | S20: Pass | T20: 42794 | U20: GCS/TuanN[/Ju/109] | AJ20: =IF(AI20>0, IF(AI20>=14,"D",IF(AI20>=8,"N","E")),"") | AN20: =IF(AM20>0, IF(AM20>=14,"D",IF(AM20>=8,"N","E")),"")
B21: 35-13-1-006 | D21: 1. Continue above 2. Build project 3. Check if build no error, options are output in Linker 4. Debug program 5. Check if debug no error | E21: 3. Build no error, options are output in Linker 5. Debug no error | F21: Simulator | G21: FR | H21: not yet | J21: RVC GCSTrangT | K21: 5.1 and older | L21: Ju109_RT401 | M21: Pass | N21: GCS/Ju109 | O21: Pass | P21: 42773 | Q21: GCS/TuanN[/Ju/109] | R21: RUN1_PART1 - GCS/Auto | S21: Pass | T21: 42794 | U21: GCS/TuanN[/Ju/109] | AJ21: =IF(AI21>0, IF(AI21>=14,"D",IF(AI21>=8,"N","E")),"") | AN21: =IF(AM21>0, IF(AM21>=14,"D",IF(AM21>=8,"N","E")),"")
B22: 35-13-2-001 | C22: Set "-vect", "-vectn" options for RX200 project | D22: 1. New project - Select Toolchain: CCRX - Select Device: RX200 2. Select project item on project tree > Click on "Renesas Tool Settings" button on main toolbar 3. Select Linker > Output > Advanced 4. Check if "-vect", "-vectn" options are supported on GUI | E22: . "-vect" option : "Address setting for specified area of vector table Address setting for unused vector area " . "-vectn" option : "Address setting for unused vector area Address setting for specified area of vector table" | F22: Simulator | G22: FR | H22: not yet | J22: RVC GCSTrangT | K22: 5.1 and older | L22: Ju109_RT401 | M22: Pass | N22: GCS/Ju109 | O22: Pass | P22: 42773 | Q22: GCS/TuanN[/Ju/109] | R22: RUN1_PART1 - GCS/Auto | S22: Pass | T22: 42794 | U22: GCS/TuanN[/Ju/109] | AJ22: =IF(AI22>0, IF(AI22>=14,"D",IF(AI22>=8,"N","E")),"") | AN22: =IF(AM22>0, IF(AM22>=14,"D",IF(AM22>=8,"N","E")),"")
B23: 35-13-2-002 | D23: 1. Continue above 2. Check if tooltip is supported | E23: Tooltip is supported | F23: Simulator | G23: FR | H23: not yet | J23: RVC GCSTrangT | K23: 5.1 and older | L23: Ju109_RT401 | M23: Pass | N23: GCS/Ju109 | O23: Pass | P23: 42773 | Q23: GCS/TuanN[/Ju/109] | R23: RUN1_PART1 - GCS/Auto | S23: Pass | T23: 42794 | U23: GCS/TuanN[/Ju/109] | AJ23: =IF(AI23>0, IF(AI23>=14,"D",IF(AI23>=8,"N","E")),"") | AN23: =IF(AM23>0, IF(AM23>=14,"D",IF(AM23>=8,"N","E")),"")
B24: 35-13-2-003 | D24: 1. Continue above 2. Set Linker options as: -vectn=111=AA -vectn=222=BB -vect=_main 3. Check if options can be set without error 4. Build project 5. Check if build no error, options are output in Linker 6. Debug program 7. Check if debug no error | E24: 3. Options can be set 5. Build no error, options are output in Linker 7. Debug no error | F24: Simulator | G24: FR | H24: not yet | J24: RVC GCSTrangT | K24: 5.1 and older | L24: Ju109_RT401 | M24: Pass | N24: GCS/Ju109 | O24: Pass | P24: 42773 | Q24: GCS/TuanN[/Ju/109] | R24: RUN1_PART1 - GCS/Auto | S24: Pass | T24: 42794 | U24: GCS/TuanN[/Ju/109] | AJ24: =IF(AI24>0, IF(AI24>=14,"D",IF(AI24>=8,"N","E")),"") | AN24: =IF(AM24>0, IF(AM24>=14,"D",IF(AM24>=8,"N","E")),"")
B25: 35-13-2-004 | D25: 1. Continue above 2. Export to Renesas Common Project File 3. Check if options are exported to Renesas Common Project File | E25: Options are exported to Renesas Common Project File | F25: Simulator | G25: FR | H25: not yet | J25: RVC GCSTrangT | K25: 5.1 and older | L25: Ju109_RT401 | M25: Pass | N25: GCS/Ju109 | O25: Pass | P25: 42773 | Q25: GCS/TuanN[/Ju/109] | R25: RUN1_PART1 - GCS/Auto | S25: Pass | T25: 42794 | U25: GCS/TuanN[/Ju/109] | AJ25: =IF(AI25>0, IF(AI25>=14,"D",IF(AI25>=8,"N","E")),"") | AN25: =IF(AM25>0, IF(AM25>=14,"D",IF(AM25>=8,"N","E")),"")
B26: 35-13-2-005 | D26: Ensure that below Linker options were set in CS+ project: -vectn=111=AA -vectn=222=BB -vect=_main 1. Import project to e2 studio 2. Select project item on project tree > Click on "Renesas Tool Settings" button on main toolbar 3. Select Linker > Output > Advanced 4. Check if "-vect", "-vectn" options are set on GUI | E26: "-vect", "-vectn" options are set on GUI | F26: Simulator | G26: FR | H26: not yet | J26: RVC GCSTrangT | K26: 5.1 and older | L26: Ju109_RT401 | M26: Pass | N26: GCS/Ju109 | O26: Pass | P26: 42773 | Q26: GCS/TuanN[/Ju/109] | R26: RUN1_PART1 - GCS/Auto | S26: Pass | T26: 42794 | U26: GCS/TuanN[/Ju/109] | AJ26: =IF(AI26>0, IF(AI26>=14,"D",IF(AI26>=8,"N","E")),"") | AN26: =IF(AM26>0, IF(AM26>=14,"D",IF(AM26>=8,"N","E")),"")
B27: 35-13-2-006 | D27: 1. Continue above 2. Build project 3. Check if build no error, options are output in Linker 4. Debug program 5. Check if debug no error | E27: 3. Build no error, options are output in Linker 5. Debug no error | F27: Simulator | G27: FR | H27: not yet | J27: RVC GCSTrangT | K27: 5.1 and older | L27: Ju109_RT401 | M27: Pass | N27: GCS/Ju109 | O27: Pass | P27: 42773 | Q27: GCS/TuanN[/Ju/109] | R27: RUN1_PART1 - GCS/Auto | S27: Pass | T27: 42794 | U27: GCS/TuanN[/Ju/109] | AJ27: =IF(AI27>0, IF(AI27>=14,"D",IF(AI27>=8,"N","E")),"") | AN27: =IF(AM27>0, IF(AM27>=14,"D",IF(AM27>=8,"N","E")),"")
B28: 35-13-3-001 | C28: Set "-vect", "-vectn" options for RX100 project | D28: 1. New project - Select Toolchain: CCRX - Select Device: RX100 2. Select project item on project tree > Click on "Renesas Tool Settings" button on main toolbar 3. Select Linker > Output > Advanced 4. Check if "-vect", "-vectn" options are supported on GUI | E28: . "-vect" option : "Address setting for specified area of vector table Address setting for unused vector area " . "-vectn" option : "Address setting for unused vector area Address setting for specified area of vector table" | F28: Simulator | G28: FR | H28: not yet | J28: RVC GCSTrangT | K28: 5.1 and older | L28: Ju109_RT401 | M28: Pass | N28: GCS/Ju109 | O28: Pass | P28: 42773 | Q28: GCS/TuanN[/Ju/109] | R28: RUN1_PART1 - GCS/Auto | S28: Pass | T28: 42794 | U28: GCS/TuanN[/Ju/109] | AJ28: =IF(AI28>0, IF(AI28>=14,"D",IF(AI28>=8,"N","E")),"") | AN28: =IF(AM28>0, IF(AM28>=14,"D",IF(AM28>=8,"N","E")),"")
B29: 35-13-3-002 | D29: 1. Continue above 2. Check if tooltip is supported | E29: Tooltip is supported | F29: Simulator | G29: FR | H29: not yet | J29: RVC GCSTrangT | K29: 5.1 and older | L29: Ju109_RT401 | M29: Pass | N29: GCS/Ju109 | O29: Pass | P29: 42773 | Q29: GCS/TuanN[/Ju/109] | R29: RUN1_PART1 - GCS/Auto | S29: Pass | T29: 42794 | U29: GCS/TuanN[/Ju/109] | AJ29: =IF(AI29>0, IF(AI29>=14,"D",IF(AI29>=8,"N","E")),"") | AN29: =IF(AM29>0, IF(AM29>=14,"D",IF(AM29>=8,"N","E")),"")
B30: 35-13-3-003 | D30: 1. Continue above 2. Set Linker options as: -vectn=111=AA -vectn=222=BB -vect=_main 3. Check if options can be set without error 4. Build project 5. Check if build no error, options are output in Linker 6. Debug program 7. Check if debug no error | E30: 3. Options can be set 5. Build no error, options are output in Linker 7. Debug no error | F30: Simulator | G30: FR | H30: not yet | J30: RVC GCSTrangT | K30: 5.1 and older | L30: Ju109_RT401 | M30: Pass | N30: GCS/Ju109 | O30: Pass | P30: 42773 | Q30: GCS/TuanN[/Ju/109] | R30: RUN1_PART1 - GCS/Auto | S30: Pass | T30: 42794 | U30: GCS/TuanN[/Ju/109] | AJ30: =IF(AI30>0, IF(AI30>=14,"D",IF(AI30>=8,"N","E")),"") | AN30: =IF(AM30>0, IF(AM30>=14,"D",IF(AM30>=8,"N","E")),"")
B31: 35-13-3-004 | D31: 1. Continue above 2. Export to Renesas Common Project File 3. Check if options are exported to Renesas Common Project File | E31: Options are exported to Renesas Common Project File | F31: Simulator | G31: FR | H31: not yet | J31: RVC GCSTrangT | K31: 5.1 and older | L31: Ju109_RT401 | M31: Pass | N31: GCS/Ju109 | O31: Pass | P31: 42773 | Q31: GCS/TuanN[/Ju/109] | R31: RUN1_PART1 - GCS/Auto | S31: Pass | T31: 42794 | U31: GCS/TuanN[/Ju/109] | AJ31: =IF(AI31>0, IF(AI31>=14,"D",IF(AI31>=8,"N","E")),"") | AN31: =IF(AM31>0, IF(AM31>=14,"D",IF(AM31>=8,"N","E")),"")
B32: 35-13-3-005 | D32: Ensure that below Linker options were set in CS+ project: -vectn=111=AA -vectn=222=BB -vect=_main 1. Import project to e2 studio 2. Select project item on project tree > Click on "Renesas Tool Settings" button on main toolbar 3. Select Linker > Output > Advanced 4. Check if "-vect", "-vectn" options are set on GUI | E32: "-vect", "-vectn" options are set on GUI | F32: Simulator | G32: FR | H32: not yet | J32: RVC GCSTrangT | K32: 5.1 and older | L32: Ju109_RT401 | M32: Pass | N32: GCS/Ju109 | O32: Pass | P32: 42773 | Q32: GCS/TuanN[/Ju/109] | R32: RUN1_PART1 - GCS/Auto | S32: Pass | T32: 42794 | U32: GCS/TuanN[/Ju/109] | AJ32: =IF(AI32>0, IF(AI32>=14,"D",IF(AI32>=8,"N","E")),"") | AN32: =IF(AM32>0, IF(AM32>=14,"D",IF(AM32>=8,"N","E")),"")
B33: 35-13-3-006 | D33: 1. Continue above 2. Build project 3. Check if build no error, options are output in Linker 4. Debug program 5. Check if debug no error | E33: 3. Build no error, options are output in Linker 5. Debug no error | F33: Simulator | G33: FR | H33: not yet | J33: RVC GCSTrangT | K33: 5.1 and older | L33: Ju109_RT401 | M33: Pass | N33: GCS/Ju109 | O33: Pass | P33: 42773 | Q33: GCS/TuanN[/Ju/109] | R33: RUN1_PART1 - GCS/Auto | S33: Pass | T33: 42794 | U33: GCS/TuanN[/Ju/109] | AJ33: =IF(AI33>0, IF(AI33>=14,"D",IF(AI33>=8,"N","E")),"") | AN33: =IF(AM33>0, IF(AM33>=14,"D",IF(AM33>=8,"N","E")),"")
B34: 35-13-4-001 | C34: Set "-vect", "-vectn" options for RX100 RX700 project | D34: 1. New project - Select Toolchain: CCRX - Select Device: RX700 2. Select project item on project tree > Click on "Renesas Tool Settings" button on main toolbar 3. Select Linker > Output > Advanced 4. Check if "-vect", "-vectn" options are supported on GUI | E34: . "-vect" "-vectn" option: "Address setting for specified area of vector table" . "-vectn" "-vect" option : "Address setting for unused vector area" | F34: Simulator | G34: FR | H34: not yet | J34: RVC GCSTrangT | K34: 5.1 and older | L34: Ju109_RT401 | M34: Pass | N34: GCS/Ju109 | O34: Pass | P34: 42773 | Q34: GCS/TuanN[/Ju/109] | R34: RUN1_PART1 - GCS/Auto | S34: Pass | T34: 42794 | U34: GCS/TuanN[/Ju/109] | AJ34: =IF(AI34>0, IF(AI34>=14,"D",IF(AI34>=8,"N","E")),"") | AN34: =IF(AM34>0, IF(AM34>=14,"D",IF(AM34>=8,"N","E")),"")
B35: 35-13-4-002 | D35: 1. Continue above 2. Check if tooltip is supported | E35: Tooltip is supported | F35: Simulator | G35: FR | H35: not yet | J35: RVC GCSTrangT | K35: 5.1 and older | L35: Ju109_RT401 | M35: Pass | N35: GCS/Ju109 | O35: Pass | P35: 42773 | Q35: GCS/TuanN[/Ju/109] | R35: RUN1_PART1 - GCS/Auto | S35: Pass | T35: 42794 | U35: GCS/TuanN[/Ju/109] | AJ35: =IF(AI35>0, IF(AI35>=14,"D",IF(AI35>=8,"N","E")),"") | AN35: =IF(AM35>0, IF(AM35>=14,"D",IF(AM35>=8,"N","E")),"")
B36: 35-13-4-003 | D36: 1. Continue above 2. Set Linker options as: -vectn=111=AA -vectn=222=BB -vect=_main 3. Check if options can be set without error 4. Build project 5. Check if build no error, options are output in Linker 6. Debug program 7. Check if debug no error | E36: 3. Options can be set 5. Build no error, options are output in Linker 7. Debug no error | F36: Simulator | G36: FR | H36: not yet | J36: RVC GCSTrangT | K36: 5.1 and older | L36: Ju109_RT410 | M36: Pass | N36: GCS/Ju109 | O36: Pass | P36: 42773 | Q36: GCS/TuanN[/Ju/109] | R36: RUN1_PART1 - GCS/Auto | S36: Pass | T36: 42794 | U36: GCS/TuanN[/Ju/109] | AJ36: =IF(AI36>0, IF(AI36>=14,"D",IF(AI36>=8,"N","E")),"") | AN36: =IF(AM36>0, IF(AM36>=14,"D",IF(AM36>=8,"N","E")),"")
B37: 35-13-4-004 | D37: 1. Continue above 2. Export to Renesas Common Project File 3. Check if options are exported to Renesas Common Project File | E37: Options are exported to Renesas Common Project File | F37: Simulator | G37: FR | H37: not yet | J37: RVC GCSTrangT | K37: 5.1 and older | L37: Ju109_RT410 | M37: Pass | N37: GCS/Ju109 | O37: Pass | P37: 42773 | Q37: GCS/TuanN[/Ju/109] | R37: RUN1_PART1 - GCS/Auto | S37: Pass | T37: 42794 | U37: GCS/TuanN[/Ju/109] | AJ37: =IF(AI37>0, IF(AI37>=14,"D",IF(AI37>=8,"N","E")),"") | AN37: =IF(AM37>0, IF(AM37>=14,"D",IF(AM37>=8,"N","E")),"")
B38: 35-13-4-005 | D38: Ensure that below Linker options were set in CS+ project: -vectn=111=AA -vectn=222=BB -vect=_main 1. Import project to e2 studio 2. Select project item on project tree > Click on "Renesas Tool Settings" button on main toolbar 3. Select Linker > Output > Advanced 4. Check if "-vect", "-vectn" options are set on GUI | E38: "-vect", "-vectn" options are set on GUI | F38: Simulator | G38: FR | H38: not yet | J38: RVC GCSTrangT | K38: 5.1 and older | L38: Ju109_RT410 | M38: Pass | N38: GCS/Ju109 | O38: Pass | P38: 42773 | Q38: GCS/TuanN[/Ju/109] | R38: RUN1_PART1 - GCS/Auto | S38: Pass | T38: 42794 | U38: GCS/TuanN[/Ju/109] | AJ38: =IF(AI38>0, IF(AI38>=14,"D",IF(AI38>=8,"N","E")),"") | AN38: =IF(AM38>0, IF(AM38>=14,"D",IF(AM38>=8,"N","E")),"")
B39: 35-13-4-006 | D39: 1. Continue above 2. Build project 3. Check if build no error, options are output in Linker 4. Debug program 5. Check if debug no error | E39: 3. Build no error, options are output in Linker 5. Debug no error | F39: Simulator | G39: FR | H39: not yet | J39: RVC GCSTrangT | K39: 5.1 and older | L39: Ju109_RT410 | M39: Pass | N39: GCS/Ju109 | O39: Pass | P39: 42773 | Q39: GCS/TuanN[/Ju/109] | R39: RUN1_PART1 - GCS/Auto | S39: Pass | T39: 42794 | U39: GCS/TuanN[/Ju/109] | AJ39: =IF(AI39>0, IF(AI39>=14,"D",IF(AI39>=8,"N","E")),"") | AN39: =IF(AM39>0, IF(AM39>=14,"D",IF(AM39>=8,"N","E")),"")
B40: 35-14> CCRX: Move user options GUI control (#3386) | L40: - | AJ40: =IF(AI40>0, IF(AI40>=14,"D",IF(AI40>=8,"N","E")),"") | AN40: =IF(AM40>0, IF(AM40>=14,"D",IF(AM40>=8,"N","E")),"")
B41: 35-14-1-001 | C41: Check [Compiler] page | D41: 1. Create Application/Library RXC project 2. Select [Compiler] page -> check control | E41: Create control for [User Defined] in StringList format | F41: Simulator | G41: FR | H41: not yet | J41: RVC GCSTrangT | K41: 5.1 and older | L41: Ju109_RT401 | M41: Pass | N41: GCS/Ju109 | O41: Pass | P41: 42773 | Q41: GCS/TuanN[/Ju/109] | R41: RUN1_PART1 - GCS/Auto | S41: Pass | T41: 42794 | U41: GCS/TuanN[/Ju/109] | AJ41: =IF(AI41>0, IF(AI41>=14,"D",IF(AI41>=8,"N","E")),"") | AN41: =IF(AM41>0, IF(AM41>=14,"D",IF(AM41>=8,"N","E")),"")
B42: 35-14-1-002 | D42: 1. Create Application/Library RXC project 2. Select [Compiler] page 3. Select Add/Move Up/Move Down/Edit/Delete 4. Go to [Compiler] > [User Defined] -> check values and order 5. Build project -> check build command | E42: [4] The values and the order in sub-page is the same the main-page. [5] Output build command line for specified values regarding to their order | F42: Simulator | G42: FR | H42: not yet | J42: RVC GCSTrangT | K42: 5.1 and older | L42: Ju109_RT401 | M42: Pass | N42: GCS/Ju109 | O42: Pass | P42: 42773 | Q42: GCS/TuanN[/Ju/109] | R42: RUN1_PART1 - GCS/Auto | S42: Pass | T42: 42794 | U42: GCS/TuanN[/Ju/109] | AJ42: =IF(AI42>0, IF(AI42>=14,"D",IF(AI42>=8,"N","E")),"") | AN42: =IF(AM42>0, IF(AM42>=14,"D",IF(AM42>=8,"N","E")),"")
B43: 35-14-1-003 | D43: 1. Create Application/Library RXC project 2. Select [Compiler] > [User Defined] page 3. Go to [Compiler] 4. Select Add/Move Up/Move Down/Edit/Delete 4. Go to [Compiler] > [User Defined] -> check values and order 5. Build project -> check build command | E43: [4] The values and the order in sub-page is the same the main-page. [5] Output build command line for specified values regarding to their order | F43: Simulator | G43: FR | H43: not yet | J43: RVC GCSTrangT | K43: 5.1 and older | L43: Ju109_RT401 | M43: Pass | N43: GCS/Ju109 | O43: Pass | P43: 42773 | Q43: GCS/TuanN[/Ju/109] | R43: RUN1_PART1 - GCS/Auto | S43: Pass | T43: 42794 | U43: GCS/TuanN[/Ju/109] | AJ43: =IF(AI43>0, IF(AI43>=14,"D",IF(AI43>=8,"N","E")),"") | AN43: =IF(AM43>0, IF(AM43>=14,"D",IF(AM43>=8,"N","E")),"")
B44: 35-14-1-004 | D44: 1. Create Application/Library RXC project 2. Select [Compiler] > [User Defined] 3. Select Add/Move Up/Move Down/Edit/Delete 4. Go to [Compiler] -> check values | E44: [4] The values and the order in main-page is the same the sub-page. | F44: Simulator | G44: FR | H44: not yet | J44: RVC GCSTrangT | K44: 5.1 and older | L44: Ju109_RT401 | M44: Pass | N44: GCS/Ju109 | O44: Pass | P44: 42773 | Q44: GCS/TuanN[/Ju/109] | R44: RUN1_PART1 - GCS/Auto | S44: Pass | T44: 42794 | U44: GCS/TuanN[/Ju/109] | AJ44: =IF(AI44>0, IF(AI44>=14,"D",IF(AI44>=8,"N","E")),"") | AN44: =IF(AM44>0, IF(AM44>=14,"D",IF(AM44>=8,"N","E")),"")
B45: 35-14-1-005 | D45: 1. Create Application/Library RXC project 2. Select [Compiler] 3. Select [Compiler] > [User Defined] 4. Select Add/Move Up/Move Down/Edit/Delete 5. Go to [Compiler] -> check values and order | E45: [5] The values and the order in main-page is the same the sub-page. | F45: Simulator | G45: FR | H45: not yet | J45: RVC GCSTrangT | K45: 5.1 and older | L45: Ju109_RT401 | M45: Pass | N45: GCS/Ju109 | O45: Pass | P45: 42773 | Q45: GCS/TuanN[/Ju/109] | R45: RUN1_PART1 - GCS/Auto | S45: Pass | T45: 42794 | U45: GCS/TuanN[/Ju/109] | AJ45: =IF(AI45>0, IF(AI45>=14,"D",IF(AI45>=8,"N","E")),"") | AN45: =IF(AM45>0, IF(AM45>=14,"D",IF(AM45>=8,"N","E")),"")
B46: 35-14-1-006 | D46: 1. Create Application/Library RXC project 2. Select [Compiler] page 3. Select Add/Move Up/Move Down/Edit/Delete 4. Select settings for Individual C/C++ source file 5. Go to [User Defined] -> check values and order 6. Build project -> check build command | E46: [5] The values and the order in sub-page is the same the main-page. [6] Output build command line Individual C source file for specified values regarding to their order | F46: Simulator | G46: FR | H46: not yet | J46: RVC GCSTrangT | K46: 5.1 and older | L46: Ju109_RT401 | M46: Pass | N46: GCS/Ju109 | O46: Pass | P46: 42773 | Q46: GCS/TuanN[/Ju/109] | R46: RUN1_PART1 - GCS/Auto | S46: Pass | T46: 42794 | U46: GCS/TuanN[/Ju/109] | AJ46: =IF(AI46>0, IF(AI46>=14,"D",IF(AI46>=8,"N","E")),"") | AN46: =IF(AM46>0, IF(AM46>=14,"D",IF(AM46>=8,"N","E")),"")
B47: 35-14-1-007 | D47: 1. Create Application/Library RXC project 2. Select [Compiler] page 3. Select Add/Move Up/Move Down/Edit/Delete 4. Select main-page of other phases (Assembler, Linker, Converter, LibGen) -> check values | E47: [4] Not affect by specified values of [Compiler] | F47: Simulator | G47: FR | H47: not yet | J47: RVC GCSTrangT | K47: 5.1 and older | L47: Ju109_RT401 | M47: Pass | N47: GCS/Ju109 | O47: Pass | P47: 42773 | Q47: GCS/TuanN[/Ju/109] | R47: RUN1_PART1 - GCS/Auto | S47: Pass | T47: 42794 | U47: GCS/TuanN[/Ju/109] | AJ47: =IF(AI47>0, IF(AI47>=14,"D",IF(AI47>=8,"N","E")),"") | AN47: =IF(AM47>0, IF(AM47>=14,"D",IF(AM47>=8,"N","E")),"")
B48: 35-14-1-008 | D48: 1. Create Application/Library RXC project 2. Select [Compiler] page 3. Specify value "c1" 4. Close project -> Save 5. Re-open -> check values | E48: [4] Same value | F48: Simulator | G48: FR | H48: not yet | J48: RVC GCSTrangT | K48: 5.1 and older | L48: Ju109_RT401 | M48: Pass | N48: GCS/Ju109 | O48: Pass | P48: 42773 | Q48: GCS/TuanN[/Ju/109] | R48: RUN1_PART1 - GCS/Auto | S48: Pass | T48: 42794 | U48: GCS/TuanN[/Ju/109] | AJ48: =IF(AI48>0, IF(AI48>=14,"D",IF(AI48>=8,"N","E")),"") | AN48: =IF(AM48>0, IF(AM48>=14,"D",IF(AM48>=8,"N","E")),"")
B49: 35-14-1-009 | D49: 1. Open old project (e2 studio V3.00) 2. Go [Compiler] page -> check option 3. Build project | E49: Display new control in main-page with values as sub-page and build project success | F49: Simulator | G49: FR | H49: not yet | J49: RVC GCSTrangT | K49: 5.1 and older | L49: Ju109_RT401 | M49: Pass | N49: GCS/Ju109 | O49: Pass | P49: 42773 | Q49: GCS/TuanN[/Ju/109] | R49: RUN1_PART1 - GCS/Auto | S49: Pass | T49: 42794 | U49: GCS/TuanN[/Ju/109] | AJ49: =IF(AI49>0, IF(AI49>=14,"D",IF(AI49>=8,"N","E")),"") | AN49: =IF(AM49>0, IF(AM49>=14,"D",IF(AM49>=8,"N","E")),"")
B50: 35-14-2-001 | C50: Check [Assembler] page | D50: 1. Create Application/Library RXC project 2. Select [Assembler] page -> check control | E50: Create control for [User Defined] in StringList format | F50: Simulator | G50: FR | H50: not yet | J50: RVC GCSTrangT | K50: 5.1 and older | L50: Ju109_RT401 | M50: Pass | N50: GCS/Ju109 | O50: Pass | P50: 42773 | Q50: GCS/TuanN[/Ju/109] | R50: RUN1_PART1 - GCS/Auto | S50: Pass | T50: 42794 | U50: GCS/TuanN[/Ju/109] | AJ50: =IF(AI50>0, IF(AI50>=14,"D",IF(AI50>=8,"N","E")),"") | AN50: =IF(AM50>0, IF(AM50>=14,"D",IF(AM50>=8,"N","E")),"")
B51: 35-14-2-002 | D51: 1. Create Application/Library RXC project 2. Select [Assembler] page 3. Select Add/Move Up/Move Down/Edit/Delete 4. Go to [Assembler] > [User Defined] -> check values and order 5. Build project -> check build command | E51: [4] The values and the order in sub-page is the same the main-page. [5] Output build command line for specified values regarding to their order | F51: Simulator | G51: FR | H51: not yet | J51: RVC GCSTrangT | K51: 5.1 and older | L51: Ju109_RT401 | M51: Pass | N51: GCS/Ju109 | O51: Pass | P51: 42773 | Q51: GCS/TuanN[/Ju/109] | R51: RUN1_PART1 - GCS/Auto | S51: Pass | T51: 42794 | U51: GCS/TuanN[/Ju/109] | AJ51: =IF(AI51>0, IF(AI51>=14,"D",IF(AI51>=8,"N","E")),"") | AN51: =IF(AM51>0, IF(AM51>=14,"D",IF(AM51>=8,"N","E")),"")
B52: 35-14-2-003 | D52: 1. Create Application/Library RXC project 2. Select [Assembler] > [User Defined] page 3. Go to [Assembler] 4. Select Add/Move Up/Move Down/Edit/Delete 4. Go to [Assembler] > [User Defined] -> check values and order 5. Build project -> check build command | E52: [4] The values and the order in sub-page is the same the main-page. [5] Output build command line for specified values regarding to their order | F52: Simulator | G52: FR | H52: not yet | J52: RVC GCSTrangT | K52: 5.1 and older | L52: Ju109_RT401 | M52: Pass | N52: GCS/Ju109 | O52: Pass | P52: 42773 | Q52: GCS/TuanN[/Ju/109] | R52: RUN1_PART1 - GCS/Auto | S52: Pass | T52: 42794 | U52: GCS/TuanN[/Ju/109] | AJ52: =IF(AI52>0, IF(AI52>=14,"D",IF(AI52>=8,"N","E")),"") | AN52: =IF(AM52>0, IF(AM52>=14,"D",IF(AM52>=8,"N","E")),"")
B53: 35-14-2-004 | D53: 1. Create Application/Library RXC project 2. Select [Assembler] > [User Defined] 3. Select Add/Move Up/Move Down/Edit/Delete 4. Go to [Assembler] -> check values | E53: [4] The values and the order in main-page is the same the sub-page. | F53: Simulator | G53: FR | H53: not yet | J53: RVC GCSTrangT | K53: 5.1 and older | L53: Ju109_RT401 | M53: Pass | N53: GCS/Ju109 | O53: Pass | P53: 42773 | Q53: GCS/TuanN[/Ju/109] | R53: RUN1_PART1 - GCS/Auto | S53: Pass | T53: 42794 | U53: GCS/TuanN[/Ju/109] | AJ53: =IF(AI53>0, IF(AI53>=14,"D",IF(AI53>=8,"N","E")),"") | AN53: =IF(AM53>0, IF(AM53>=14,"D",IF(AM53>=8,"N","E")),"")
B54: 35-14-2-005 | D54: 1. Create Application/Library RXC project 2. Select [Assembler] 3. Select [Assembler] > [User Defined] 4. Select Add/Move Up/Move Down/Edit/Delete 5. Go to [Assembler] -> check values and order | E54: [5] The values and the order in main-page is the same the sub-page. | F54: Simulator | G54: FR | H54: not yet | J54: RVC GCSTrangT | K54: 5.1 and older | L54: Ju109_RT401 | M54: Pass | N54: GCS/Ju109 | O54: Pass | P54: 42773 | Q54: GCS/TuanN[/Ju/109] | R54: RUN1_PART1 - GCS/Auto | S54: Pass | T54: 42794 | U54: GCS/TuanN[/Ju/109] | AJ54: =IF(AI54>0, IF(AI54>=14,"D",IF(AI54>=8,"N","E")),"") | AN54: =IF(AM54>0, IF(AM54>=14,"D",IF(AM54>=8,"N","E")),"")
B55: 35-14-2-006 | D55: 1. Create Application/Library RXC project 2. Select [Assemble] page 3. Select Add/Move Up/Move Down/Edit/Delete 4. Select settings for Individual Assemble source file 5. Go to [User Defined] -> check values and order 6. Build project -> check build command | E55: [5] The values and the order in sub-page is the same the main-page. [6] Output build command line Individual Assemble source file for specified values regarding to their order | F55: Simulator | G55: FR | H55: not yet | J55: RVC GCSTrangT | K55: 5.1 and older | L55: Ju109_RT401 | M55: Pass | N55: GCS/Ju109 | O55: Pass | P55: 42773 | Q55: GCS/TuanN[/Ju/109] | R55: RUN1_PART1 - GCS/Auto | S55: Pass | T55: 42794 | U55: GCS/TuanN[/Ju/109] | AJ55: =IF(AI55>0, IF(AI55>=14,"D",IF(AI55>=8,"N","E")),"") | AN55: =IF(AM55>0, IF(AM55>=14,"D",IF(AM55>=8,"N","E")),"")
B56: 35-14-2-007 | D56: 1. Create Application/Library RXC project 2. Select [Assembler] page 3. Select Add/Move Up/Move Down/Edit/Delete 4. Select main-page of other phases (Compiler, Linker, Converter, LibGen) -> check values | E56: [4] Not affect by specified values of [Assembler] | F56: Simulator | G56: FR | H56: not yet | J56: RVC GCSTrangT | K56: 5.1 and older | L56: Ju109_RT401 | M56: Pass | N56: GCS/Ju109 | O56: Pass | P56: 42773 | Q56: GCS/TuanN[/Ju/109] | R56: RUN1_PART1 - GCS/Auto | S56: Pass | T56: 42794 | U56: GCS/TuanN[/Ju/109] | AJ56: =IF(AI56>0, IF(AI56>=14,"D",IF(AI56>=8,"N","E")),"") | AN56: =IF(AM56>0, IF(AM56>=14,"D",IF(AM56>=8,"N","E")),"")
B57: 35-14-2-008 | D57: 1. Create Application/Library RXC project 2. Select [Assembler] page 3. Specify value "c1" 4. Close project -> Save -> check values | E57: [4] Same value | F57: Simulator | G57: FR | H57: not yet | J57: RVC GCSTrangT | K57: 5.1 and older | L57: Ju109_RT401 | M57: Pass | N57: GCS/Ju109 | O57: Pass | P57: 42773 | Q57: GCS/TuanN[/Ju/109] | R57: RUN1_PART1 - GCS/Auto | S57: Pass | T57: 42794 | U57: GCS/TuanN[/Ju/109] | AJ57: =IF(AI57>0, IF(AI57>=14,"D",IF(AI57>=8,"N","E")),"") | AN57: =IF(AM57>0, IF(AM57>=14,"D",IF(AM57>=8,"N","E")),"")
B58: 35-14-2-009 | D58: 1. Open old project (e2 studio V3.00) 2. Go [Assembler] page -> check option 3. Build project | E58: Display new control in main-page with values as sub-page and build project success | F58: Simulator | G58: FR | H58: not yet | J58: RVC GCSTrangT | K58: 5.1 and older | L58: Ju109_RT401 | M58: Pass | N58: GCS/Ju109 | O58: Pass | P58: 42773 | Q58: GCS/TuanN[/Ju/109] | R58: RUN1_PART1 - GCS/Auto | S58: Pass | T58: 42794 | U58: GCS/TuanN[/Ju/109] | AJ58: =IF(AI58>0, IF(AI58>=14,"D",IF(AI58>=8,"N","E")),"") | AN58: =IF(AM58>0, IF(AM58>=14,"D",IF(AM58>=8,"N","E")),"")
B59: 35-14-3-001 | C59: Check [Linker] page | D59: 1. Create Application/Library RXC project 2. Select [Linker] page -> check control | E59: Create control for [User Defined] in StringList format | F59: Simulator | G59: FR | H59: not yet | J59: RVC GCSTrangT | K59: 5.1 and older | L59: Ju109_RT401 | M59: Pass | N59: GCS/Ju109 | O59: Pass | P59: 42773 | Q59: GCS/TuanN[/Ju/109] | R59: RUN1_PART1 - GCS/Auto | S59: Pass | T59: 42794 | U59: GCS/TuanN[/Ju/109] | AJ59: =IF(AI59>0, IF(AI59>=14,"D",IF(AI59>=8,"N","E")),"") | AN59: =IF(AM59>0, IF(AM59>=14,"D",IF(AM59>=8,"N","E")),"")
B60: 35-14-3-002 | D60: 1. Create Application/Library RXC project 2. Select [Linker] page 3. Select Add/Move Up/Move Down/Edit/Delete 4. Go to [Linker] > [User Defined] -> check values and order 5. Build project -> check build command | E60: [4] The values and the order in sub-page is the same the main-page. [5] Output build command line for specified values regarding to their order | F60: Simulator | G60: FR | H60: not yet | J60: RVC GCSTrangT | K60: 5.1 and older | L60: Ju109_RT401 | M60: Pass | N60: GCS/Ju109 | O60: Pass | P60: 42773 | Q60: GCS/TuanN[/Ju/109] | R60: RUN1_PART1 - GCS/Auto | S60: Pass | T60: 42794 | U60: GCS/TuanN[/Ju/109] | AJ60: =IF(AI60>0, IF(AI60>=14,"D",IF(AI60>=8,"N","E")),"") | AN60: =IF(AM60>0, IF(AM60>=14,"D",IF(AM60>=8,"N","E")),"")
B61: 35-14-3-003 | D61: 1. Create Application/Library RXC project 2. Select [Linker] > [User Defined] page 3. Go to [Linker] 4. Select Add/Move Up/Move Down/Edit/Delete 4. Go to [Linker] > [User Defined] -> check values and order 5. Build project -> check build command | E61: [4] The values and the order in sub-page is the same the main-page. [5] Output build command line for specified values regarding to their order | F61: Simulator | G61: FR | H61: not yet | J61: RVC GCSTrangT | K61: 5.1 and older | L61: Ju109_RT401 | M61: Pass | N61: GCS/Ju109 | O61: Pass | P61: 42773 | Q61: GCS/TuanN[/Ju/109] | R61: RUN1_PART1 - GCS/Auto | S61: Pass | T61: 42794 | U61: GCS/TuanN[/Ju/109] | AJ61: =IF(AI61>0, IF(AI61>=14,"D",IF(AI61>=8,"N","E")),"") | AN61: =IF(AM61>0, IF(AM61>=14,"D",IF(AM61>=8,"N","E")),"")
B62: 35-14-3-004 | D62: 1. Create Application/Library RXC project 2. Select [Linker] > [User Defined] 3. Select Add/Move Up/Move Down/Edit/Delete 4. Go to [Linker] -> check values | E62: [4] The values and the order in main-page is the same the sub-page. | F62: Simulator | G62: FR | H62: not yet | J62: RVC GCSTrangT | K62: 5.1 and older | L62: Ju109_RT401 | M62: Pass | N62: GCS/Ju109 | O62: Pass | P62: 42773 | Q62: GCS/TuanN[/Ju/109] | R62: RUN1_PART1 - GCS/Auto | S62: Pass | T62: 42794 | U62: GCS/TuanN[/Ju/109] | AJ62: =IF(AI62>0, IF(AI62>=14,"D",IF(AI62>=8,"N","E")),"") | AN62: =IF(AM62>0, IF(AM62>=14,"D",IF(AM62>=8,"N","E")),"")
B63: 35-14-3-005 | D63: 1. Create Application/Library RXC project 2. Select [Linker] 3. Select [Linker] > [User Defined] 4. Select Add/Move Up/Move Down/Edit/Delete 5. Go to [Linker] -> check values and order | E63: [5] The values and the order in main-page is the same the sub-page. | F63: Simulator | G63: FR | H63: not yet | J63: RVC GCSTrangT | K63: 5.1 and older | L63: Ju109_RT401 | M63: Pass | N63: GCS/Ju109 | O63: Pass | P63: 42773 | Q63: GCS/TuanN[/Ju/109] | R63: RUN1_PART1 - GCS/Auto | S63: Pass | T63: 42794 | U63: GCS/TuanN[/Ju/109] | AJ63: =IF(AI63>0, IF(AI63>=14,"D",IF(AI63>=8,"N","E")),"") | AN63: =IF(AM63>0, IF(AM63>=14,"D",IF(AM63>=8,"N","E")),"")
B64: 35-14-3-006 | D64: 1. Create Application/Library RXC project 2. Select [Linker] page 3. Select Add/Move Up/Move Down/Edit/Delete 4. Select main-page of other phases (Compiler, Assemble, Converter, LibGen) -> check values | E64: [4] Not affect by specified values of [Linker] | F64: Simulator | G64: FR | H64: not yet | J64: RVC GCSTrangT | K64: 5.1 and older | L64: Ju109_RT401 | M64: Pass | N64: GCS/Ju109 | O64: Pass | P64: 42773 | Q64: GCS/TuanN[/Ju/109] | R64: RUN1_PART1 - GCS/Auto | S64: Pass | T64: 42794 | U64: GCS/TuanN[/Ju/109] | AJ64: =IF(AI64>0, IF(AI64>=14,"D",IF(AI64>=8,"N","E")),"") | AN64: =IF(AM64>0, IF(AM64>=14,"D",IF(AM64>=8,"N","E")),"")
B65: 35-14-3-007 | D65: 1. Create Application/Library RXC project 2. Select [Linker] page 3. Specify value "c1" 4. Close project -> Save -> check values | E65: [4] Same value | F65: Simulator | G65: FR | H65: not yet | J65: RVC GCSTrangT | K65: 5.1 and older | L65: Ju109_RT401 | M65: Pass | N65: GCS/Ju109 | O65: Pass | P65: 42773 | Q65: GCS/TuanN[/Ju/109] | R65: RUN1_PART1 - GCS/Auto | S65: Pass | T65: 42794 | U65: GCS/TuanN[/Ju/109] | AJ65: =IF(AI65>0, IF(AI65>=14,"D",IF(AI65>=8,"N","E")),"") | AN65: =IF(AM65>0, IF(AM65>=14,"D",IF(AM65>=8,"N","E")),"")
B66: 35-14-3-008 | D66: 1. Open old project (e2 studio V3.00) 2. Go [Linker] page -> check option 3. Build project | E66: Display new control in main-page with values as sub-page and build project success | F66: Simulator | G66: FR | H66: not yet | J66: RVC GCSTrangT | K66: 5.1 and older | L66: Ju109_RT401 | M66: Pass | N66: GCS/Ju109 | O66: Pass | P66: 42773 | Q66: GCS/TuanN[/Ju/109] | R66: RUN1_PART1 - GCS/Auto | S66: Pass | T66: 42794 | U66: GCS/TuanN[/Ju/109] | AJ66: =IF(AI66>0, IF(AI66>=14,"D",IF(AI66>=8,"N","E")),"") | AN66: =IF(AM66>0, IF(AM66>=14,"D",IF(AM66>=8,"N","E")),"")
B67: 35-14-4-001 | C67: Check [Converter] page | D67: 1. Create Application/Library RXC project 2. Select [Converter] page -> check control | E67: Create control for [User Defined] in StringList format | F67: Simulator | G67: FR | H67: not yet | J67: RVC GCSTrangT | K67: 5.1 and older | L67: Ju109_RT401 | M67: Pass | N67: GCS/Ju109 | O67: Pass | P67: 42773 | Q67: GCS/TuanN[/Ju/109] | R67: RUN1_PART1 - GCS/Auto | S67: Pass | T67: 42794 | U67: GCS/TuanN[/Ju/109] | AJ67: =IF(AI67>0, IF(AI67>=14,"D",IF(AI67>=8,"N","E")),"") | AN67: =IF(AM67>0, IF(AM67>=14,"D",IF(AM67>=8,"N","E")),"")
B68: 35-14-4-002 | D68: 1. Create Application/Library RXC project 2. Select [Converter] page 3. Select Add/Move Up/Move Down/Edit/Delete 4. Go to [Converter] > [User Defined] -> check values and order 5. Build project -> check build command | E68: [4] The values and the order in sub-page is the same the main-page. [5] Output build command line for specified values regarding to their order | F68: Simulator | G68: FR | H68: not yet | J68: RVC GCSTrangT | K68: 5.1 and older | L68: Ju109_RT401 | M68: Pass | N68: GCS/Ju109 | O68: Pass | P68: 42773 | Q68: GCS/TuanN[/Ju/109] | R68: RUN1_PART1 - GCS/Auto | S68: Pass | T68: 42794 | U68: GCS/TuanN[/Ju/109] | AJ68: =IF(AI68>0, IF(AI68>=14,"D",IF(AI68>=8,"N","E")),"") | AN68: =IF(AM68>0, IF(AM68>=14,"D",IF(AM68>=8,"N","E")),"")
B69: 35-14-4-003 | D69: 1. Create Application/Library RXC project 2. Select [Converter] > [User Defined] page 3. Go to [Converter] 4. Select Add/Move Up/Move Down/Edit/Delete 4. Go to [Converter] > [User Defined] -> check values and order 5. Build project -> check build command | E69: [4] The values and the order in sub-page is the same the main-page. [5] Output build command line for specified values regarding to their order | F69: Simulator | G69: FR | H69: not yet | J69: RVC GCSTrangT | K69: 5.1 and older | L69: Ju109_RT401 | M69: Pass | N69: GCS/Ju109 | O69: Pass | P69: 42773 | Q69: GCS/TuanN[/Ju/109] | R69: RUN1_PART1 - GCS/Auto | S69: Pass | T69: 42794 | U69: GCS/TuanN[/Ju/109] | AJ69: =IF(AI69>0, IF(AI69>=14,"D",IF(AI69>=8,"N","E")),"") | AN69: =IF(AM69>0, IF(AM69>=14,"D",IF(AM69>=8,"N","E")),"")
B70: 35-14-4-004 | D70: 1. Create Application/Library RXC project 2. Select [Converter] > [User Defined] 3. Select Add/Move Up/Move Down/Edit/Delete 4. Go to [Converter] -> check values | E70: [4] The values and the order in main-page is the same the sub-page. | F70: Simulator | G70: FR | H70: not yet | J70: RVC GCSTrangT | K70: 5.1 and older | L70: Ju109_RT401 | M70: Pass | N70: GCS/Ju109 | O70: Pass | P70: 42773 | Q70: GCS/TuanN[/Ju/109] | R70: RUN1_PART1 - GCS/Auto | S70: Pass | T70: 42794 | U70: GCS/TuanN[/Ju/109] | AJ70: =IF(AI70>0, IF(AI70>=14,"D",IF(AI70>=8,"N","E")),"") | AN70: =IF(AM70>0, IF(AM70>=14,"D",IF(AM70>=8,"N","E")),"")
B71: 35-14-4-005 | D71: 1. Create Application/Library RXC project 2. Select [Converter] 3. Select [Converter] > [User Defined] 4. Select Add/Move Up/Move Down/Edit/Delete 5. Go to [Linker] [Converter] -> check values and order | E71: [5] The values and the order in main-page is the same the sub-page. | F71: Simulator | G71: FR | H71: not yet | J71: RVC GCSTrangT | K71: 5.1 and older | L71: Ju109_RT401 | M71: Pass | N71: GCS/Ju109 | O71: Pass | P71: 42773 | Q71: GCS/TuanN[/Ju/109] | R71: RUN1_PART1 - GCS/Auto | S71: Pass | T71: 42794 | U71: GCS/TuanN[/Ju/109] | AJ71: =IF(AI71>0, IF(AI71>=14,"D",IF(AI71>=8,"N","E")),"") | AN71: =IF(AM71>0, IF(AM71>=14,"D",IF(AM71>=8,"N","E")),"")
B72: 35-14-4-006 | D72: 1. Create Application/Library RXC project 2. Select [Converter] page 3. Select Add/Move Up/Move Down/Edit/Delete 4. Select main-page of other phases (Compiler, Assemble, Linker, LibGen) -> check values | E72: [4] Not affect by specified values of [Converter] | F72: Simulator | G72: FR | H72: not yet | J72: RVC GCSTrangT | K72: 5.1 and older | L72: Ju109_RT401 | M72: Pass | N72: GCS/Ju109 | O72: Pass | P72: 42773 | Q72: GCS/TuanN[/Ju/109] | R72: RUN1_PART1 - GCS/Auto | S72: Pass | T72: 42794 | U72: GCS/TuanN[/Ju/109] | AJ72: =IF(AI72>0, IF(AI72>=14,"D",IF(AI72>=8,"N","E")),"") | AN72: =IF(AM72>0, IF(AM72>=14,"D",IF(AM72>=8,"N","E")),"")
B73: 35-14-4-007 | D73: 1. Create Application/Library RXC project 2. Select [Converter] page 3. Specify value "c1" 4. Close project -> Save -> check values | E73: [4] Same value | F73: Simulator | G73: FR | H73: not yet | J73: RVC GCSTrangT | K73: 5.1 and older | L73: Ju109_RT401 | M73: Pass | N73: GCS/Ju109 | O73: Pass | P73: 42773 | Q73: GCS/TuanN[/Ju/109] | R73: RUN1_PART1 - GCS/Auto | S73: Pass | T73: 42794 | U73: GCS/TuanN[/Ju/109] | AJ73: =IF(AI73>0, IF(AI73>=14,"D",IF(AI73>=8,"N","E")),"") | AN73: =IF(AM73>0, IF(AM73>=14,"D",IF(AM73>=8,"N","E")),"")
B74: 35-14-4-008 | D74: 1. Open old project (e2 studio V3.00) 2. Go [Converter] page -> check option 3. Build project | E74: Display new control in main-page with values as sub-page and build project success | F74: Simulator | G74: FR | H74: not yet | J74: RVC GCSTrangT | K74: 5.1 and older | L74: Ju109_RT401 | M74: Pass | N74: GCS/Ju109 | O74: Pass | P74: 42773 | Q74: GCS/TuanN[/Ju/109] | R74: RUN1_PART1 - GCS/Auto | S74: Pass | T74: 42794 | U74: GCS/TuanN[/Ju/109] | AJ74: =IF(AI74>0, IF(AI74>=14,"D",IF(AI74>=8,"N","E")),"") | AN74: =IF(AM74>0, IF(AM74>=14,"D",IF(AM74>=8,"N","E")),"")
B75: 35-14-5-001 | C75: Check [LibGen] page | D75: 1. Create Application/Library RXC project 2. Select [LibGen] page -> check control | E75: Create control for [User Defined] in StringList format | F75: Simulator | G75: FR | H75: not yet | J75: RVC GCSTrangT | K75: 5.1 and older | L75: Ju109_RT401 | M75: Pass | N75: GCS/Ju109 | O75: Pass | P75: 42773 | Q75: GCS/TuanN[/Ju/109] | R75: RUN1_PART1 - GCS/Auto | S75: Pass | T75: 42794 | U75: GCS/TuanN[/Ju/109] | AJ75: =IF(AI75>0, IF(AI75>=14,"D",IF(AI75>=8,"N","E")),"") | AN75: =IF(AM75>0, IF(AM75>=14,"D",IF(AM75>=8,"N","E")),"")
B76: 35-14-5-002 | D76: 1. Create Application/Library RXC project 2. Select [LibGen] page 3. Select Add/Move Up/Move Down/Edit/Delete 4. Go to [LibGen] > [User Defined] -> check values and order 5. Build project -> check build command | E76: [4] The values and the order in sub-page is the same the main-page. [5] Output build command line for specified values regarding to their order | F76: Simulator | G76: FR | H76: not yet | J76: RVC GCSTrangT | K76: 5.1 and older | L76: Ju109_RT401 | M76: Pass | N76: GCS/Ju109 | O76: Pass | P76: 42773 | Q76: GCS/TuanN[/Ju/109] | R76: RUN1_PART1 - GCS/Auto | S76: Pass | T76: 42794 | U76: GCS/TuanN[/Ju/109] | AJ76: =IF(AI76>0, IF(AI76>=14,"D",IF(AI76>=8,"N","E")),"") | AN76: =IF(AM76>0, IF(AM76>=14,"D",IF(AM76>=8,"N","E")),"")
B77: 35-14-5-003 | D77: 1. Create Application 2. Select [LibGen] > [User Defined] page 3. Go to [LibGen] 4. Select Add/Move Up/Move Down/Edit/Delete 4. Go to [LibGen] > [User Defined] -> check values and order 5. Build project -> check build command | E77: [4] The values and the order in sub-page is the same the main-page. [5] Output build command line for specified values regarding to their order | F77: Simulator | G77: FR | H77: not yet | J77: RVC GCSTrangT | K77: 5.1 and older | L77: Ju109_RT401 | M77: Pass | N77: GCS/Ju109 | O77: Pass | P77: 42773 | Q77: GCS/TuanN[/Ju/109] | R77: RUN1_PART1 - GCS/Auto | S77: Pass | T77: 42794 | U77: GCS/TuanN[/Ju/109] | AJ77: =IF(AI77>0, IF(AI77>=14,"D",IF(AI77>=8,"N","E")),"") | AN77: =IF(AM77>0, IF(AM77>=14,"D",IF(AM77>=8,"N","E")),"")
B78: 35-14-5-004 | D78: 1. Create Application/Library RXC project 2. Select [LibGen] > [User Defined] 3. Select Add/Move Up/Move Down/Edit/Delete 4. Go to [Linker] [LibGen] -> check values | E78: [4] The values and the order in main-page is the same the sub-page. | F78: Simulator | G78: FR | H78: not yet | J78: RVC GCSTrangT | K78: 5.1 and older | L78: Ju109_RT401 | M78: Pass | N78: GCS/Ju109 | O78: Pass | P78: 42773 | Q78: GCS/TuanN[/Ju/109] | R78: RUN1_PART1 - GCS/Auto | S78: Pass | T78: 42794 | U78: GCS/TuanN[/Ju/109] | AJ78: =IF(AI78>0, IF(AI78>=14,"D",IF(AI78>=8,"N","E")),"") | AN78: =IF(AM78>0, IF(AM78>=14,"D",IF(AM78>=8,"N","E")),"")
B79: 35-14-5-005 | D79: 1. Create Application/Library RXC project 2. Select [LibGen] 3. Select [LibGen] > [User Defined] 4. Select Add/Move Up/Move Down/Edit/Delete 5. Go to [Linker] [LibGen] -> check values and order | E79: [5] The values and the order in main-page is the same the sub-page. | F79: Simulator | G79: FR | H79: not yet | J79: RVC GCSTrangT | K79: 5.1 and older | L79: Ju109_RT401 | M79: Pass | N79: GCS/Ju109 | O79: Pass | P79: 42773 | Q79: GCS/TuanN[/Ju/109] | R79: RUN1_PART1 - GCS/Auto | S79: Pass | T79: 42794 | U79: GCS/TuanN[/Ju/109] | AJ79: =IF(AI79>0, IF(AI79>=14,"D",IF(AI79>=8,"N","E")),"") | AN79: =IF(AM79>0, IF(AM79>=14,"D",IF(AM79>=8,"N","E")),"")
B80: 35-14-5-006 | D80: 1. Create Application/Library RXC project 2. Select [LibGen] page 3. Select Add/Move Up/Move Down/Edit/Delete 4. Select main-page of other phases (Compiler, Assemble, Linker, Converter) -> check values | E80: [4] Not affect by specified values of [LibGen] | F80: Simulator | G80: FR | H80: not yet | J80: RVC GCSTrangT | K80: 5.1 and older | L80: Ju109_RT401 | M80: Pass | N80: GCS/Ju109 | O80: Pass | P80: 42773 | Q80: GCS/TuanN[/Ju/109] | R80: RUN1_PART1 - GCS/Auto | S80: Pass | T80: 42794 | U80: GCS/TuanN[/Ju/109] | AJ80: =IF(AI80>0, IF(AI80>=14,"D",IF(AI80>=8,"N","E")),"") | AN80: =IF(AM80>0, IF(AM80>=14,"D",IF(AM80>=8,"N","E")),"")
B81: 35-14-5-007 | D81: 1. Create Application/Library RXC project 2. Select [LibGen] page 3. Specify value "c1" 4. Close project -> Save -> check values | E81: [4] Same value | F81: Simulator | G81: FR | H81: not yet | J81: RVC GCSTrangT | K81: 5.1 and older | L81: Ju109_RT401 | M81: Pass | N81: GCS/Ju109 | O81: Pass | P81: 42773 | Q81: GCS/TuanN[/Ju/109] | R81: RUN1_PART1 - GCS/Auto | S81: Pass | T81: 42794 | U81: GCS/TuanN[/Ju/109] | AJ81: =IF(AI81>0, IF(AI81>=14,"D",IF(AI81>=8,"N","E")),"") | AN81: =IF(AM81>0, IF(AM81>=14,"D",IF(AM81>=8,"N","E")),"")
B82: 35-14-5-008 | D82: 1. Open old project (e2 studio V3.00) 2. Go [LibGen] page -> check option 3. Build project | E82: Display new control in main-page with values as sub-page and build project success | F82: Simulator | G82: FR | H82: not yet | J82: RVC GCSTrangT | K82: 5.1 and older | L82: Ju109_RT401 | M82: Pass | N82: GCS/Ju109 | O82: Pass | P82: 42773 | Q82: GCS/TuanN[/Ju/109] | R82: RUN1_PART1 - GCS/Auto | S82: Pass | T82: 42794 | U82: GCS/TuanN[/Ju/109] | AJ82: =IF(AI82>0, IF(AI82>=14,"D",IF(AI82>=8,"N","E")),"") | AN82: =IF(AM82>0, IF(AM82>=14,"D",IF(AM82>=8,"N","E")),"")
B83: 35-14-6-001 | C83: Check [RTOS] page | D83: 1. Create Application/Library RXC project 2. Select [RTOS] page -> check control | E83: Create control for [User Defined] in StringList format | F83: Simulator | G83: FR | H83: not yet | J83: RVC GCSTrangT | K83: 5.1 and older | L83: Ju109_RT401 | M83: Pass | N83: GCS/Ju109 | O83: Pass | P83: 42773 | Q83: GCS/TuanN[/Ju/109] | R83: RUN1_PART1 - GCS/Auto | S83: Pass | T83: 42794 | U83: GCS/TuanN[/Ju/109] | AJ83: =IF(AI83>0, IF(AI83>=14,"D",IF(AI83>=8,"N","E")),"") | AN83: =IF(AM83>0, IF(AM83>=14,"D",IF(AM83>=8,"N","E")),"")
B84: 35-14-6-002 | D84: 1. Create Application/Library RXC project 2. Select [RTOS] page 3. Select Add/Move Up/Move Down/Edit/Delete 4. Go to [RTOS] > [User Defined] -> check values and order 5. Build project -> check build command | E84: [4] The values and the order in sub-page is the same the main-page. [5] Output build command line for specified values regarding to their order | F84: Simulator | G84: FR | H84: not yet | J84: RVC GCSTrangT | K84: 5.1 and older | L84: Ju109_RT401 | M84: Pass | N84: GCS/Ju109 | O84: Pass | P84: 42773 | Q84: GCS/TuanN[/Ju/109] | R84: RUN1_PART1 - GCS/Auto | S84: Pass | T84: 42794 | U84: GCS/TuanN[/Ju/109] | AJ84: =IF(AI84>0, IF(AI84>=14,"D",IF(AI84>=8,"N","E")),"") | AN84: =IF(AM84>0, IF(AM84>=14,"D",IF(AM84>=8,"N","E")),"")
B85: 35-14-6-003 | D85: 1. Create Application/Library RXC project 2. Select [RTOS] > [User Defined] page 3. Go to [RTOS] 4. Select Add/Move Up/Move Down/Edit/Delete 4. Go to [Converter] > [User Defined] 4. Go to [RTOS] > [User Defined] -> check values and order 5. Build project -> check build command | E85: [4] The values and the order in sub-page is the same the main-page. [5] Output build command line for specified values regarding to their order | F85: Simulator | G85: FR | H85: not yet | J85: RVC GCSTrangT | K85: 5.1 and older | L85: Ju109_RT401 | M85: Pass | N85: GCS/Ju109 | O85: Pass | P85: 42773 | Q85: GCS/TuanN[/Ju/109] | R85: RUN1_PART1 - GCS/Auto | S85: Pass | T85: 42794 | U85: GCS/TuanN[/Ju/109] | AJ85: =IF(AI85>0, IF(AI85>=14,"D",IF(AI85>=8,"N","E")),"") | AN85: =IF(AM85>0, IF(AM85>=14,"D",IF(AM85>=8,"N","E")),"")
B86: 35-14-6-004 | D86: 1. Create Application/Library RXC project 2. Select [RTOS] > [User Defined] 3. Select Add/Move Up/Move Down/Edit/Delete 4. Go to [Linker] [RTOS] -> check values | E86: [4] The values and the order in main-page is the same the sub-page. | F86: Simulator | G86: FR | H86: not yet | J86: RVC GCSTrangT | K86: 5.1 and older | L86: Ju109_RT401 | M86: Pass | N86: GCS/Ju109 | O86: Pass | P86: 42773 | Q86: GCS/TuanN[/Ju/109] | R86: RUN1_PART1 - GCS/Auto | S86: Pass | T86: 42794 | U86: GCS/TuanN[/Ju/109] | AJ86: =IF(AI86>0, IF(AI86>=14,"D",IF(AI86>=8,"N","E")),"") | AN86: =IF(AM86>0, IF(AM86>=14,"D",IF(AM86>=8,"N","E")),"")
B87: 35-14-6-005 | D87: 1. Create Application/Library RXC project 2. Select [RTOS] 3. Select [RTOS] > [User Defined] 4. Select Add/Move Up/Move Down/Edit/Delete 5. Go to [Linker] [RTOS] -> check values and order | E87: [5] The values and the order in main-page is the same the sub-page. | F87: Simulator | G87: FR | H87: not yet | J87: RVC GCSTrangT | K87: 5.1 and older | L87: Ju109_RT401 | M87: Pass | N87: GCS/Ju109 | O87: Pass | P87: 42773 | Q87: GCS/TuanN[/Ju/109] | R87: RUN1_PART1 - GCS/Auto | S87: Pass | T87: 42794 | U87: GCS/TuanN[/Ju/109] | AJ87: =IF(AI87>0, IF(AI87>=14,"D",IF(AI87>=8,"N","E")),"") | AN87: =IF(AM87>0, IF(AM87>=14,"D",IF(AM87>=8,"N","E")),"")
B88: 35-14-6-006 | D88: 1. Create Application/Library RXC project 2. Select [RTOS] page 3. Select Add/Move Up/Move Down/Edit/Delete 4. Select main-page of other phases (Compiler, Assemble, Linker, LibGen) -> check values | E88: [4] Not affect by specified values of [RTOS] | F88: Simulator | G88: FR | H88: not yet | J88: RVC GCSTrangT | K88: 5.1 and older | L88: Ju109_RT401 | M88: Pass | N88: GCS/Ju109 | O88: Pass | P88: 42773 | Q88: GCS/TuanN[/Ju/109] | R88: RUN1_PART1 - GCS/Auto | S88: Pass | T88: 42794 | U88: GCS/TuanN[/Ju/109] | AJ88: =IF(AI88>0, IF(AI88>=14,"D",IF(AI88>=8,"N","E")),"") | AN88: =IF(AM88>0, IF(AM88>=14,"D",IF(AM88>=8,"N","E")),"")
B89: 35-14-6-007 | D89: 1. Create Application/Library RXC project 2. Select [RTOS] page 3. Specify value "c1" 4. Close project -> Save -> check values | E89: [4] Same value | F89: Simulator | G89: FR | H89: not yet | J89: RVC GCSTrangT | K89: 5.1 and older | L89: Ju109_RT401 | M89: Pass | N89: GCS/Ju109 | O89: Pass | P89: 42773 | Q89: GCS/TuanN[/Ju/109] | R89: RUN1_PART1 - GCS/Auto | S89: Pass | T89: 42794 | U89: GCS/TuanN[/Ju/109] | AJ89: =IF(AI89>0, IF(AI89>=14,"D",IF(AI89>=8,"N","E")),"") | AN89: =IF(AM89>0, IF(AM89>=14,"D",IF(AM89>=8,"N","E")),"")
B90: 35-14-6-008 | D90: 1. Open old project (e2 studio V3.00) 2. Go [RTOS] page -> check option 3. Build project | E90: Display new control in main-page with values as sub-page and build project success | F90: Simulator | G90: FR | H90: not yet | J90: RVC GCSTrangT | K90: 5.1 and older | L90: Ju109_RT401 | M90: Pass | N90: GCS/Ju109 | O90: Pass | P90: 42773 | Q90: GCS/TuanN[/Ju/109] | R90: RUN1_PART1 - GCS/Auto | S90: Pass | T90: 42794 | U90: GCS/TuanN[/Ju/109] | AJ90: =IF(AI90>0, IF(AI90>=14,"D",IF(AI90>=8,"N","E")),"") | AN90: =IF(AM90>0, IF(AM90>=14,"D",IF(AM90>=8,"N","E")),"")
B91: 35-16> .cproject has a lot of diff even without changing settings (#4550) | L91: - | AJ91: =IF(AI91>0, IF(AI91>=14,"D",IF(AI91>=8,"N","E")),"") | AN91: =IF(AM91>0, IF(AM91>=14,"D",IF(AM91>=8,"N","E")),"")
B92: 35-16-1-001 | C92: "Apply" - "OK" button | D92: 1. Create new project - Toolchain: CCRX - Device: RX111 2. Save .cproject in the project as a different file name. (ex. cproject_org.log) 3. Click the project and open "Renesas Tool Settings" 4. Without any change on the settings, click Apply button 5. Save .cproject in the project as a different file name. (ex. cproject_apply_before_OK.log) 6. Click OK button 7. Save .cproject in the project as a different file name. (ex. cproject_apply_after_OK.log) 8. Compare below files: - cproject_org.log - cproject_apply_before_OK.log - cproject_apply_after_OK.log | E92: Files are not different | F92: Simulator | G92: FR | H92: not yet | J92: RVC GCSTrangT | K92: 5.1 and older | L92: Ju109_RT410 | M92: Pass | N92: GCS/Ju109 | O92: Pass | P92: 42773 | Q92: GCS/TuanN[/Ju/109] | R92: RUN1_PART1 - GCS/Auto | S92: Pass | T92: 42794 | U92: GCS/TuanN[/Ju/109] | AJ92: =IF(AI92>0, IF(AI92>=14,"D",IF(AI92>=8,"N","E")),"") | AN92: =IF(AM92>0, IF(AM92>=14,"D",IF(AM92>=8,"N","E")),"")
B93: 35-16-2-001 | C93: "Apply" - "Cancel" button | D93: 1. Create new project - Toolchain: CCRX - Device: RX111 2. Save .cproject in the project as a different file name. (ex. cproject_org.log) 3. Click the project and open "Renesas Tool Settings" 4. Without any change on the settings, click Apply button 5. Save .cproject in the project as a different file name. (ex. cproject_apply_before_Cancel.log) 6. Click Cancel button 7. Save .cproject in the project as a different file name. (ex. cproject_apply_after_Cancel.log) 8. Compare below files: - cproject_org.log - cproject_apply_before_Cancel.log - cproject_apply_after_Cancel.log | E93: Files are not different | F93: Simulator | G93: FR | H93: not yet | J93: RVC GCSTrangT | K93: 5.1 and older | L93: Ju109_RT410 | M93: Pass | N93: GCS/Ju109 | O93: Pass | P93: 42773 | Q93: GCS/TuanN[/Ju/109] | R93: RUN1_PART1 - GCS/Auto | S93: Pass | T93: 42794 | U93: GCS/TuanN[/Ju/109] | AJ93: =IF(AI93>0, IF(AI93>=14,"D",IF(AI93>=8,"N","E")),"") | AN93: =IF(AM93>0, IF(AM93>=14,"D",IF(AM93>=8,"N","E")),"")
B94: 35-16-3-001 | C94: "OK" button | D94: 1. Create new project - Toolchain: CCRX - Device: RX111 2. Save .cproject in the project as a different file name. (ex. cproject_org.log) 3. Click the project and open "Renesas Tool Settings" 4. Without any change on the settings, click OK button 5. Save .cproject in the project as a different file name. (ex. cproject_after_OK.log) 6. Compare below files: - cproject_org.log - cproject_after_OK.log | E94: Files are not different | F94: Simulator | G94: FR | H94: not yet | J94: RVC GCSTrangT | K94: 5.1 and older | L94: Ju109_RT410 | M94: Pass | N94: GCS/Ju109 | O94: Pass | P94: 42773 | Q94: GCS/TuanN[/Ju/109] | R94: RUN1_PART1 - GCS/Auto | S94: Pass | T94: 42794 | U94: GCS/TuanN[/Ju/109] | AJ94: =IF(AI94>0, IF(AI94>=14,"D",IF(AI94>=8,"N","E")),"") | AN94: =IF(AM94>0, IF(AM94>=14,"D",IF(AM94>=8,"N","E")),"")
B95: 35-16-3-002 | D95: 1. Create new project - Toolchain: CCRX - Device: RX111 2. Save .cproject in the project as a different file name. (ex. cproject_org.log) 3. Click the project and open "Renesas Tool Settings" 4. With some changes on the settings, click OK button 5. Save .cproject in the project as a different file name. (ex. cproject_after_OK.log) 6. Compare below files: - cproject_org.log - cproject_after_OK.log | E95: Files are different | F95: Simulator | G95: FR | H95: not yet | J95: RVC GCSTrangT | K95: 5.1 and older | L95: Ju109_RT410 | M95: Pass | N95: GCS/Ju109 | O95: Pass | P95: 42773 | Q95: GCS/TuanN[/Ju/109] | R95: RUN1_PART1 - GCS/Auto | S95: Pass | T95: 42794 | U95: GCS/TuanN[/Ju/109] | AJ95: =IF(AI95>0, IF(AI95>=14,"D",IF(AI95>=8,"N","E")),"") | AN95: =IF(AM95>0, IF(AM95>=14,"D",IF(AM95>=8,"N","E")),"")
B96: 35-16-3-003 | D96: 1. Create new project - Toolchain: CCRX - Device: RX111 2. Save .cproject in the project as a different file name. (ex. cproject_org.log) 3. Click the project and open "Renesas Tool Settings" 4. With some changes on the settings, click Restore Defaults button 5. Save .cproject in the project as a different file name. (ex. cproject_restore_before_OK.log) 6. Click OK button 7. Save .cproject in the project as a different file name. (ex. cproject_restore_after_OK.log) 8. Compare below files: - cproject_org.log - cproject_restore_before_OK.log - cproject_restore_after_OK.log | E96: Files are not different | F96: Simulator | G96: FR | H96: not yet | J96: RVC GCSTrangT | K96: 5.1 and older | L96: Ju109_RT410 | M96: Pass | N96: GCS/Ju109 | O96: Pass | P96: 42773 | Q96: GCS/TuanN[/Ju/109] | R96: RUN1_PART1 - GCS/Auto | S96: Pass | T96: 42794 | U96: GCS/TuanN[/Ju/109] | AJ96: =IF(AI96>0, IF(AI96>=14,"D",IF(AI96>=8,"N","E")),"") | AN96: =IF(AM96>0, IF(AM96>=14,"D",IF(AM96>=8,"N","E")),"")
B97: 35-16-4-001 | C97: "Cancel" button | D97: 1. Create new project - Toolchain: CCRX - Device: RX111 2. Save .cproject in the project as a different file name. (ex. cproject_org.log) 3. Click the project and open "Renesas Tool Settings" 4. Without any change on the settings, click Cancel button 5. Save .cproject in the project as a different file name. (ex. cproject_after_Cancel.log) 6. Compare below files: - cproject_org.log - cproject_after_Cancel.log | E97: Files are not different | F97: Simulator | G97: FR | H97: not yet | J97: RVC GCSTrangT | K97: 5.1 and older | L97: Ju109_RT410 | M97: Pass | N97: GCS/Ju109 | O97: Pass | P97: 42773 | Q97: GCS/TuanN[/Ju/109] | R97: RUN1_PART1 - GCS/Auto | S97: Pass | T97: 42794 | U97: GCS/TuanN[/Ju/109] | AJ97: =IF(AI97>0, IF(AI97>=14,"D",IF(AI97>=8,"N","E")),"") | AN97: =IF(AM97>0, IF(AM97>=14,"D",IF(AM97>=8,"N","E")),"")
B98: 35-18> Chinese language support (#4770) | L98: - | AJ98: =IF(AI98>0, IF(AI98>=14,"D",IF(AI98>=8,"N","E")),"") | AN98: =IF(AM98>0, IF(AM98>=14,"D",IF(AM98>=8,"N","E")),"")
B99: 35-18-1-001 | C99: Chinese in project path name | D99: 1. New project - Toolchain: CCRX - Device: RX610 - Have Chinese in project path name 2. Check if project is created without error | E99: Project is created without error | F99: Simulator | G99: FR | H99: not yet | J99: RVC GCSTrangT | K99: 5.1 and older | L99: Ju109_RT401 | M99: Pass | N99: GCS/Ju109 | O99: Pass | P99: 42773 | Q99: GCS/TuanN[/Ju/109] | R99: RUN1_PART1 - GCS/Auto | S99: Pass | T99: 42794 | U99: GCS/TuanN[/Ju/109] | AJ99: =IF(AI99>0, IF(AI99>=14,"D",IF(AI99>=8,"N","E")),"") | AN99: =IF(AM99>0, IF(AM99>=14,"D",IF(AM99>=8,"N","E")),"")
B100: 35-18-1-002 | D100: 1. Continue above (Have Chinese in project path name) 2. Build project 3. Check if Build project no error | E100: Build project no error | F100: Simulator | G100: FR | H100: not yet | J100: RVC GCSTrangT | K100: 5.1 and older | L100: Ju109_RT401 | M100: Pass | N100: GCS/Ju109 | O100: Pass | P100: 42773 | Q100: GCS/TuanN[/Ju/109] | R100: RUN1_PART1 - GCS/Auto | S100: Pass | T100: 42794 | U100: GCS/TuanN[/Ju/109] | AJ100: =IF(AI100>0, IF(AI100>=14,"D",IF(AI100>=8,"N","E")),"") | AN100: =IF(AM100>0, IF(AM100>=14,"D",IF(AM100>=8,"N","E")),"")
...

Sheet Builder_SimultaneousBuild
A1: Total test cases | C1: =COUNTA($D$15:$D$1000)-COUNTIF($K$15:$K$1000,"-") -> 60 | D1: [Auto limitation] | E1: =COUNTIF($L$15:$L$1000,D1) -> 0 | O1: RVC | P1: =COUNTIFS(Q15:Q1000,"*RVC*") -> 0 | Q1: GCS | R1: =COUNTIFS(Q15:Q1000,"*GCS*") -> 60 | S1: RVC | T1: =COUNTIFS(U15:U1000,"*RVC*") -> 0 | U1: GCS | V1: =COUNTIFS(U15:U1000,"*GCS*") -> 60 | W1: RVC | X1: =COUNTIFS(Y15:Y1000,"*RVC*") -> 0 | Y1: GCS | Z1: =COUNTIFS(Y15:Y1000,"*GCS*") -> 0 | AA1: RVC | AB1: =COUNTIFS(AC15:AC1000,"*RVC*") -> 0 | AC1: GCS | AD1: =COUNTIFS(AC15:AC1000,"*GCS*") -> 0 | AE1: RVC | AF1: =COUNTIFS(AG15:AG1000,"*RVC*") -> 0 | AG1: GCS | AH1: =COUNTIFS(AG15:AG1000,"*GCS*") -> 0
B2: Auto | C2: =SUM(COUNTIF($L$15:$L$1000,{"*Ju*","*RCP*"})) -> 60 | D2: [Lack of equipment] | E2: =COUNTIF($L$15:$L$1000,D2) -> 0 | P2: Total | Q2: Auto | R2: Manual | T2: Total | U2: Auto | V2: Manual | X2: Total | Y2: Auto | Z2: Manual | AB2: Total | AC2: Auto | AD2: Manual | AF2: Total | AG2: Auto | AH2: Manual | AI2: Time | AJ2: Tester | AK2: Num of TC | AM2: Select the RUN: | AN2: =Summary!P2 -> 1 | AO2: Total time | AP2: Total TCs | AQ2: Average time | AR2: Deff. Level
B3: Manual | C3: =C1-C2 -> 0 | H3: Deff. Level | I3: TCs | J3: Time | M3: RVC | N3: =COUNTIFS($N$15:$N$1000,"*RVC*") -> 0 | O3: Executed TCs | P3: =SUM(Q3:R3) -> 60 | Q3: =SUM(Q4:Q5) -> 60 | R3: =SUM(R4:R5) -> 0 | S3: Executed TCs | T3: =SUM(U3:V3) -> 60 | U3: =SUM(U4:U5) -> 60 | V3: =SUM(V4:V5) -> 0 | W3: Executed TCs | X3: =SUM(Y3:Z3) -> 0 | Y3: =SUM(Y4:Y5) -> 0 | Z3: =SUM(Z4:Z5) -> 0 | AA3: Executed TCs | AB3: =SUM(AC3:AD3) -> 0 | AC3: =SUM(AC4:AC5) -> 0 | AD3: =SUM(AD4:AD5) -> 0 | AE3: Executed TCs | AF3: =SUM(AG3:AH3) -> 0 | AG3: =SUM(AG4:AG5) -> 0 | AH3: =SUM(AH4:AH5) -> 0 | AI3: =SUMIFS($AI$15:$AI$1500,$L$15:$L$1500,"*Manual*", INDIRECT(VLOOKUP($AN$2,$AM$3:$AN$7,2,FALSE)),"*"&AJ3&"*") -> 0 | AJ3: Tuan | AK3: =COUNTIFS($L$15:$L$1500, "*Manual*", INDIRECT(VLOOKUP($AN$2,$AM$3:$AN$7,2,FALSE)), "*"&AJ3&"*") -> 0 | AM3: 1 | AN3: $Q$15:$Q$1500 | AO3: =SUMIFS($AI$15:$AI$1500,$L$15:$L$1500,"*Manual*", INDIRECT(AN3),"<>"&"") -> 0 | AP3: =COUNTIFS($L$15:$L$1500,"*Manual*",INDIRECT(AN3),"<>"&"") -> 0 | AQ3: =IFERROR(AO3/AP3,0) -> 0 | AR3: =IF(AQ3>0,IF(AQ3>=14,"D",IF(AQ3>=8,"N","E")),"NOT-YET") -> NOT-YET
H4: D | I4: =COUNTIFS($L$15:$L$1500,"*Manual*",INDIRECT(VLOOKUP($AN$2,$AM$3:$AN$7,2,FALSE)), "<>"&"", $AI$15:$AI$1500,"*"&H4&"*") -> 0 | J4: =SUMIFS($AI$15:$AI$1500,$L$15:$L$1500,"*Manual*", INDIRECT(VLOOKUP($AN$2,$AM$3:$AN$7,2,FALSE)),"<>"&"",$AJ$15:$AJ$1500,"*"&H4&"*") -> 0 | M4: GCS | N4: =COUNTIFS($N$15:$N$1000,"*GCS*") -> 60 | O4: Pass | P4: =COUNTIF(O$15:O$1000,O4) -> 60 | Q4: =SUM(COUNTIFS(Q$15:Q$2500,{"*Ju*","*RCP*"},O$15:O$2500,O4)) -> 60 | R4: =P4-Q4 -> 0 | S4: Pass | T4: =COUNTIF(S$15:S$1000,S4) -> 60 | U4: =SUM(COUNTIFS(U$15:U$2500,{"*Ju*","*RCP*"},S$15:S$2500,S4)) -> 60 | V4: =T4-U4 -> 0 | W4: Pass | X4: =COUNTIF(W$15:W$1000,W4) -> 0 | Y4: =SUM(COUNTIFS(Y$15:Y$2500,{"*Ju*","*RCP*"},W$15:W$2500,W4)) -> 0 | Z4: =X4-Y4 -> 0 | AA4: Pass | AB4: =COUNTIF(AA$15:AA$1000,AA4) -> 0 | AC4: =SUM(COUNTIFS(AC$15:AC$2500,{"*Ju*","*RCP*"},AA$15:AA$2500,AA4)) -> 0 | AD4: =AB4-AC4 -> 0 | AE4: Pass | AF4: =COUNTIF(AE$15:AE$1000,AE4) -> 0 | AG4: =SUM(COUNTIFS(AG$15:AG$2500,{"*Ju*","*RCP*"},AE$15:AE$2500,AE4)) -> 0 | AH4: =AF4-AG4 -> 0 | AI4: =SUMIFS($AI$15:$AI$1500,$L$15:$L$1500,"*Manual*", INDIRECT(VLOOKUP($AN$2,$AM$3:$AN$7,2,FALSE)),"*"&AJ4&"*") -> 0 | AJ4: Long | AK4: =COUNTIFS($L$15:$L$1500, "*Manual*", INDIRECT(VLOOKUP($AN$2,$AM$3:$AN$7,2,FALSE)), "*"&AJ4&"*") -> 0 | AM4: 2 | AN4: $U$15:$U$1500 | AO4: =SUMIFS($AI$15:$AI$1500,$L$15:$L$1500,"*Manual*", INDIRECT(AN4),"<>"&"") -> 0 | AP4: =COUNTIFS($L$15:$L$1500,"*Manual*",INDIRECT(AN4),"<>"&"") -> 0 | AQ4: =IFERROR(AO4/AP4,0) -> 0 | AR4: =IF(AQ4>0,IF(AQ4>=14,"D",IF(AQ4>=8,"N","E")),"NOT-YET") -> NOT-YET
H5: N | I5: =COUNTIFS($L$15:$L$1500,"*Manual*",INDIRECT(VLOOKUP($AN$2,$AM$3:$AN$7,2,FALSE)), "<>"&"", $AI$15:$AI$1500,"*"&H5&"*") -> 0 | J5: =SUMIFS($AI$15:$AI$1500,$L$15:$L$1500,"*Manual*", INDIRECT(VLOOKUP($AN$2,$AM$3:$AN$7,2,FALSE)),"<>"&"",$AJ$15:$AJ$1500,"*"&H5&"*") -> 0 | M5: Pass | N5: =COUNTIFS($M$15:$M$1000,"*Pass*") -> 60 | O5: Fail | P5: =SUM(P6:P9) -> 0 | Q5: =SUM(Q6:Q9) -> 0 | R5: =SUM(R6:R9) -> 0 | S5: Fail | T5: =SUM(T6:T9) -> 0 | U5: =SUM(U6:U9) -> 0 | V5: =SUM(V6:V9) -> 0 | W5: Fail | X5: =SUM(X6:X9) -> 0 | Y5: =SUM(Y6:Y9) -> 0 | Z5: =SUM(Z6:Z9) -> 0 | AA5: Fail | AB5: =SUM(AB6:AB9) -> 0 | AC5: =SUM(AC6:AC9) -> 0 | AD5: =SUM(AD6:AD9) -> 0 | AE5: Fail | AF5: =SUM(AF6:AF9) -> 0 | AG5: =SUM(AG6:AG9) -> 0 | AH5: =SUM(AH6:AH9) -> 0 | AI5: =SUMIFS($AI$15:$AI$1500,$L$15:$L$1500,"*Manual*", INDIRECT(VLOOKUP($AN$2,$AM$3:$AN$7,2,FALSE)),"*"&AJ5&"*") -> 0 | AJ5: Linh | AK5: =COUNTIFS($L$15:$L$1500, "*Manual*", INDIRECT(VLOOKUP($AN$2,$AM$3:$AN$7,2,FALSE)), "*"&AJ5&"*") -> 0 | AM5: 3 | AN5: $Y$15:$Y$1500 | AO5: =SUMIFS($AI$15:$AI$1500,$L$15:$L$1500,"*Manual*", INDIRECT(AN5),"<>"&"") -> 0 | AP5: =COUNTIFS($L$15:$L$1500,"*Manual*",INDIRECT(AN5),"<>"&"") -> 0 | AQ5: =IFERROR(AO5/AP5,0) -> 0 | AR5: =IF(AQ5>0,IF(AQ5>=14,"D",IF(AQ5>=8,"N","E")),"NOT-YET") -> NOT-YET
A6: New in 5.3 RT | C6: =COUNTIF($K$15:$K$1000,"5.3") -> 0 | H6: E | I6: =COUNTIFS($L$15:$L$1500,"*Manual*",INDIRECT(VLOOKUP($AN$2,$AM$3:$AN$7,2,FALSE)), "<>"&"", $AI$15:$AI$1500,"*"&H6&"*") -> 0 | J6: =SUMIFS($AI$15:$AI$1500,$L$15:$L$1500,"*Manual*", INDIRECT(VLOOKUP($AN$2,$AM$3:$AN$7,2,FALSE)),"<>"&"",$AJ$15:$AJ$1500,"*"&H6&"*") -> 0 | M6: Fail | N6: =COUNTIFS($M$15:$M$1000,"*Fail*") -> 0 | O6: Fail (New) | P6: =COUNTIF(O$15:O$1000,"*"&O6&"*") -> 0 | Q6: =SUM(COUNTIFS(Q$15:Q$2500,{"*Ju*","*RCP*"},O$15:O$2500,O6)) -> 0 | R6: =P6-Q6 -> 0 | S6: Fail (New) | T6: =COUNTIF(S$15:S$1000,"*"&S6&"*") -> 0 | U6: =SUM(COUNTIFS(U$15:U$2500,{"*Ju*","*RCP*"},S$15:S$2500,S6)) -> 0 | V6: =T6-U6 -> 0 | W6: Fail (New) | X6: =COUNTIF(W$15:W$1000,"*"&W6&"*") -> 0 | Y6: =SUM(COUNTIFS(Y$15:Y$2500,{"*Ju*","*RCP*"},W$15:W$2500,W6)) -> 0 | Z6: =X6-Y6 -> 0 | AA6: Fail (New) | AB6: =COUNTIF(AA$15:AA$1000,"*"&AA6&"*") -> 0 | AC6: =SUM(COUNTIFS(AC$15:AC$2500,{"*Ju*","*RCP*"},AA$15:AA$2500,AA6)) -> 0 | AD6: =AB6-AC6 -> 0 | AE6: Fail (New) | AF6: =COUNTIF(AE$15:AE$1000,"*"&AE6&"*") -> 0 | AG6: =SUM(COUNTIFS(AG$15:AG$2500,{"*Ju*","*RCP*"},AE$15:AE$2500,AE6)) -> 0 | AH6: =AF6-AG6 -> 0 | AI6: =SUMIFS($AI$15:$AI$1500,$L$15:$L$1500,"*Manual*", INDIRECT(VLOOKUP($AN$2,$AM$3:$AN$7,2,FALSE)),"*"&AJ6&"*") -> 0 | AJ6: Muoi | AK6: =COUNTIFS($L$15:$L$1500, "*Manual*", INDIRECT(VLOOKUP($AN$2,$AM$3:$AN$7,2,FALSE)), "*"&AJ6&"*") -> 0 | AM6: 4 | AN6: $AC$15:$AC$1500 | AO6: =SUMIFS($AI$15:$AI$1500,$L$15:$L$1500,"*Manual*", INDIRECT(AN6),"<>"&"") -> 0 | AP6: =COUNTIFS($L$15:$L$1500,"*Manual*",INDIRECT(AN6),"<>"&"") -> 0 | AQ6: =IFERROR(AO6/AP6,0) -> 0 | AR6: =IF(AQ6>0,IF(AQ6>=14,"D",IF(AQ6>=8,"N","E")),"NOT-YET") -> NOT-YET
M7: Skip | N7: =COUNTIFS($M$15:$M$1000,"*Skip*") -> 0 | O7: Fail (Existing) | P7: =COUNTIF(O$15:O$1000,"*"&O7&"*") -> 0 | Q7: =SUM(COUNTIFS(Q$15:Q$2500,{"*Ju*","*RCP*"},O$15:O$2500,O7)) -> 0 | R7: =P7-Q7 -> 0 | S7: Fail (Existing) | T7: =COUNTIF(S$15:S$1000,"*"&S7&"*") -> 0 | U7: =SUM(COUNTIFS(U$15:U$2500,{"*Ju*","*RCP*"},S$15:S$2500,S7)) -> 0 | V7: =T7-U7 -> 0 | W7: Fail (Existing) | X7: =COUNTIF(W$15:W$1000,"*"&W7&"*") -> 0 | Y7: =SUM(COUNTIFS(Y$15:Y$2500,{"*Ju*","*RCP*"},W$15:W$2500,W7)) -> 0 | Z7: =X7-Y7 -> 0 | AA7: Fail (Existing) | AB7: =COUNTIF(AA$15:AA$1000,"*"&AA7&"*") -> 0 | AC7: =SUM(COUNTIFS(AC$15:AC$2500,{"*Ju*","*RCP*"},AA$15:AA$2500,AA7)) -> 0 | AD7: =AB7-AC7 -> 0 | AE7: Fail (Existing) | AF7: =COUNTIF(AE$15:AE$1000,"*"&AE7&"*") -> 0 | AG7: =SUM(COUNTIFS(AG$15:AG$2500,{"*Ju*","*RCP*"},AE$15:AE$2500,AE7)) -> 0 | AH7: =AF7-AG7 -> 0 | AI7: =SUMIFS($AI$15:$AI$1500,$L$15:$L$1500,"*Manual*", INDIRECT(VLOOKUP($AN$2,$AM$3:$AN$7,2,FALSE)),"*"&AJ7&"*") -> 0 | AJ7: Thinh | AK7: =COUNTIFS($L$15:$L$1500, "*Manual*", INDIRECT(VLOOKUP($AN$2,$AM$3:$AN$7,2,FALSE)), "*"&AJ7&"*") -> 0 | AM7: 5 | AN7: $AG$15:$AG$1500 | AO7: =SUMIFS($AI$15:$AI$1500,$L$15:$L$1500,"*Manual*", INDIRECT(AN7),"<>"&"") -> 0 | AP7: =COUNTIFS($L$15:$L$1500,"*Manual*",INDIRECT(AN7),"<>"&"") -> 0 | AQ7: =IFERROR(AO7/AP7,0) -> 0 | AR7: =IF(AQ7>0,IF(AQ7>=14,"D",IF(AQ7>=8,"N","E")),"NOT-YET") -> NOT-YET
H8: Number of TC that has time bigger than 60 minutes | I8: =COUNTIFS($L$15:$L$1500,"*Manual*",INDIRECT(VLOOKUP($AN$2,$AM$3:$AN$7,2,FALSE)), "<>"&"", $AI$15:$AI$1500,">=60") -> 0 | J8: =SUMIFS($AI$15:$AI$1500,$L$15:$L$1500,"*Manual*", INDIRECT(VLOOKUP($AN$2,$AM$3:$AN$7,2,FALSE)),"<>"&"",$AI$15:$AI$1500,">=60") -> 0 | O8: Fail (Degrade) | P8: =COUNTIF(O$15:O$1000,"*"&O8&"*") -> 0 | Q8: =SUM(COUNTIFS(Q$15:Q$2500,{"*Ju*","*RCP*"},O$15:O$2500,O8)) -> 0 | R8: =P8-Q8 -> 0 | S8: Fail (Degrade) | T8: =COUNTIF(S$15:S$1000,"*"&S8&"*") -> 0 | U8: =SUM(COUNTIFS(U$15:U$2500,{"*Ju*","*RCP*"},S$15:S$2500,S8)) -> 0 | V8: =T8-U8 -> 0 | W8: Fail (Degrade) | X8: =COUNTIF(W$15:W$1000,"*"&W8&"*") -> 0 | Y8: =SUM(COUNTIFS(Y$15:Y$2500,{"*Ju*","*RCP*"},W$15:W$2500,W8)) -> 0 | Z8: =X8-Y8 -> 0 | AA8: Fail (Degrade) | AB8: =COUNTIF(AA$15:AA$1000,"*"&AA8&"*") -> 0 | AC8: =SUM(COUNTIFS(AC$15:AC$2500,{"*Ju*","*RCP*"},AA$15:AA$2500,AA8)) -> 0 | AD8: =AB8-AC8 -> 0 | AE8: Fail (Degrade) | AF8: =COUNTIF(AE$15:AE$1000,"*"&AE8&"*") -> 0 | AG8: =SUM(COUNTIFS(AG$15:AG$2500,{"*Ju*","*RCP*"},AE$15:AE$2500,AE8)) -> 0 | AH8: =AF8-AG8 -> 0 | AI8: =SUMIFS($AI$15:$AI$1500,$L$15:$L$1500,"*Manual*", INDIRECT(VLOOKUP($AN$2,$AM$3:$AN$7,2,FALSE)),"*"&AJ8&"*") -> 0 | AJ8: Quang | AK8: =COUNTIFS($L$15:$L$1500, "*Manual*", INDIRECT(VLOOKUP($AN$2,$AM$3:$AN$7,2,FALSE)), "*"&AJ8&"*") -> 0
O9: Fail (Known) | P9: =COUNTIF(O$15:O$1000,"*"&O9&"*") -> 0 | Q9: =SUM(COUNTIFS(Q$15:Q$2500,{"*Ju*","*RCP*"},O$15:O$2500,O9)) -> 0 | R9: =P9-Q9 -> 0 | S9: Fail (Known) | T9: =COUNTIF(S$15:S$1000,"*"&S9&"*") -> 0 | U9: =SUM(COUNTIFS(U$15:U$2500,{"*Ju*","*RCP*"},S$15:S$2500,S9)) -> 0 | V9: =T9-U9 -> 0 | W9: Fail (Known) | X9: =COUNTIF(W$15:W$1000,"*"&W9&"*") -> 0 | Y9: =SUM(COUNTIFS(Y$15:Y$2500,{"*Ju*","*RCP*"},W$15:W$2500,W9)) -> 0 | Z9: =X9-Y9 -> 0 | AA9: Fail (Known) | AB9: =COUNTIF(AA$15:AA$1000,"*"&AA9&"*") -> 0 | AC9: =SUM(COUNTIFS(AC$15:AC$2500,{"*Ju*","*RCP*"},AA$15:AA$2500,AA9)) -> 0 | AD9: =AB9-AC9 -> 0 | AE9: Fail (Known) | AF9: =COUNTIF(AE$15:AE$1000,"*"&AE9&"*") -> 0 | AG9: =SUM(COUNTIFS(AG$15:AG$2500,{"*Ju*","*RCP*"},AE$15:AE$2500,AE9)) -> 0 | AH9: =AF9-AG9 -> 0 | AI9: =SUMIFS($AI$15:$AI$1500,$L$15:$L$1500,"*Manual*", INDIRECT(VLOOKUP($AN$2,$AM$3:$AN$7,2,FALSE)),"*"&AJ9&"*") -> 0 | AJ9: Anh | AK9: =COUNTIFS($L$15:$L$1500, "*Manual*", INDIRECT(VLOOKUP($AN$2,$AM$3:$AN$7,2,FALSE)), "*"&AJ9&"*") -> 0
O10: Skip | P10: =COUNTIF(O$15:O$1000,"*"&O10&"*") -> 0 | Q10: =SUM(COUNTIFS(Q$15:Q$2500,{"*Ju*","*RCP*"},O$15:O$2500,O10)) -> 0 | R10: =P10-Q10 -> 0 | S10: Skip | T10: =COUNTIF(S$15:S$1000,"*"&S10&"*") -> 0 | U10: =SUM(COUNTIFS(U$15:U$2500,{"*Ju*","*RCP*"},S$15:S$2500,S10)) -> 0 | V10: =T10-U10 -> 0 | W10: Skip | X10: =COUNTIF(W$15:W$1000,"*"&W10&"*") -> 0 | Y10: =SUM(COUNTIFS(Y$15:Y$2500,{"*Ju*","*RCP*"},W$15:W$2500,W10)) -> 0 | Z10: =X10-Y10 -> 0 | AA10: Skip | AB10: =COUNTIF(AA$15:AA$1000,"*"&AA10&"*") -> 0 | AC10: =SUM(COUNTIFS(AC$15:AC$2500,{"*Ju*","*RCP*"},AA$15:AA$2500,AA10)) -> 0 | AD10: =AB10-AC10 -> 0 | AE10: Skip | AF10: =COUNTIF(AE$15:AE$1000,"*"&AE10&"*") -> 0 | AG10: =SUM(COUNTIFS(AG$15:AG$2500,{"*Ju*","*RCP*"},AE$15:AE$2500,AE10)) -> 0 | AH10: =AF10-AG10 -> 0 | AI10: =SUM(AI3:AI9) -> 0 | AJ10: =IFERROR($AG$10/$AI$10,0) -> 0 | AK10: =SUM(AK3:AK9) -> 0
O11: 1 | S11: 2 | W11: 3 | AA11: 4 | AE11: 5 | AI11: Actual | AM11: GCS/Plan
O12: =Summary!R4 -> e2studio_v5.4.0.001-Part1 | S12: =Summary!AM4 -> e2studio_v5.4.0.005 | W12: =Summary!BH4 -> TBD | AA12: =Summary!CC4 -> TBD | AE12: =Summary!CX4 -> TBD | AI12: =SUM(AI15:AI1500) -> 0 | AJ12: =IF($AJ$10>0,IF($AJ$10>=14,"D",IF($AJ$10>=8,"N","E")),"NOT-YET") -> NOT-YET | AM12: =SUM($AM$15:$AM$1500) -> 0 | AN12: =IF(AM12>0,IF($AN$14>=14,"D",IF($AN$14>=8,"N","E")),"NOT-YET") -> NOT-YET
B13: ID | C13: Test items | D13: Test cases | E13: Expected result | F13: Device- Debugger- Compiler | G13: RCPTT memo (RSD only) | I13: PCL notes | J13: PCL creator | K13: Added to RT of e2s version | L13: Auto | M13: Result on e2 studio v5.3, SSP_1.2.0-b.1 | O13: Result | P13: Date | Q13: Tester | R13: Remark | S13: Result | T13: Date | U13: Tester | V13: Remark | W13: Result | X13: Date | Y13: Tester | Z13: Remark | AA13: Result | AB13: Date | AC13: Tester | AD13: Remark | AE13: Result | AF13: Date | AG13: Tester | AH13: Remark | AI13: Time to execute manual (minute) | AJ13: Level of manual TC | AM13: Time to execute manual (minute) | AN13: Level of manual TC
G14: test phase | H14: status to be replaced | M14: Result | N14: PIC | AM14: Everage time per TC | AN14: =IFERROR($AM$12/COUNTIF($AM$15:$AM$1500, ">0"),0) -> 0
B15: 34-28> Simultaneous build | L15: - | AN15: =IF(AM15>0, IF(AM15>=14,"D",IF(AM15>=8,"N","E")),"")
B16: 34-28-1> SIM build feature | L16: - | AJ16: =IF(AI16>0, IF(AI16>=14,"D",IF(AI16>=8,"N","E")),"") | AN16: =IF(AM16>0, IF(AM16>=14,"D",IF(AM16>=8,"N","E")),"")
B17: 34-28-1-001 | C17: Default setting build New build | D17: 1. Import project Open project (RT_003_RXC) 2. Build project 3. Build project | E17: No error in build Build phases: Dep. Scan (all files) SIM Compiler SIM Assembler Library Generator Linker Convertor X Convertor Project is not rebuilt in (3) | F17: Simulator | G17: FR | H17: not yet | J17: RVC GCSTrangT | K17: 5.1 and older | L17: Ju106_RT401 | M17: Pass | N17: GCS/Ju106 | O17: Pass | P17: 42773 | Q17: GCS/LinhD[/Ju/106] | S17: Pass | T17: 42794 | U17: GCS/LinhD[/Ju/106] | AJ17: =IF(AI17>0, IF(AI17>=14,"D",IF(AI17>=8,"N","E")),"") | AN17: =IF(AM17>0, IF(AM17>=14,"D",IF(AM17>=8,"N","E")),"")
B18: 34-28-1-002 | C18: Default setting build Add file > build | D18: 0. Continue above 1. Add C/C++ source file 2. Build project 3. Build project | E18: No error in build caused by option Build phases: Dep. Scan (added files) SIM Compiler Linker Convertor X Convertor Project is not rebuilt in (3) | F18: Simulator | G18: FR | H18: not yet | J18: RVC GCSTrangT | K18: 5.1 and older | L18: Ju106_RT401 | M18: Pass | N18: GCS/Ju106 | O18: Pass | P18: 42773 | Q18: GCS/LinhD[/Ju/106] | S18: Pass | T18: 42794 | U18: GCS/LinhD[/Ju/106] | AJ18: =IF(AI18>0, IF(AI18>=14,"D",IF(AI18>=8,"N","E")),"") | AN18: =IF(AM18>0, IF(AM18>=14,"D",IF(AM18>=8,"N","E")),"")
B19: 34-28-1-003 | C19: Default setting build Add file > build | D19: 0. Continue above 1. Add ASM source file 2. Build project 3. Build project | E19: No error in build caused by option Build phases: Dep. Scan (added files) SIM Assembler Linker Convertor X Convertor Project is not rebuilt in (3) | F19: Simulator | G19: FR | H19: not yet | J19: RVC GCSTrangT | K19: 5.1 and older | L19: Ju106_RT401 | M19: Pass | N19: GCS/Ju106 | O19: Pass | P19: 42773 | Q19: GCS/LinhD[/Ju/106] | S19: Pass | T19: 42794 | U19: GCS/LinhD[/Ju/106] | AJ19: =IF(AI19>0, IF(AI19>=14,"D",IF(AI19>=8,"N","E")),"") | AN19: =IF(AM19>0, IF(AM19>=14,"D",IF(AM19>=8,"N","E")),"")
B20: 34-28-1-004 | C20: Default setting build Restart > build | D20: 0. Continue above 1. Restart e2 studio 2. Build project 3. Build project | E20: Build phases: No build | F20: Simulator | G20: FR | H20: not yet | J20: RVC GCSTrangT | K20: 5.1 and older | L20: Ju106_RT410 | M20: Pass | N20: GCS/Ju106 | O20: Pass | P20: 42773 | Q20: GCS/LinhD[/Ju/106] | S20: Pass | T20: 42794 | U20: GCS/LinhD[/Ju/106] | AJ20: =IF(AI20>0, IF(AI20>=14,"D",IF(AI20>=8,"N","E")),"") | AN20: =IF(AM20>0, IF(AM20>=14,"D",IF(AM20>=8,"N","E")),"")
B21: 34-28-1-005 | C21: Default setting build Modify option > build | D21: 0. Continue above 1. Modify a Compiler option 2. Build project 3. Build project | E21: Build phases: Dep. Scan (C files) SIM Compiler Linker Convertor X Convertor Project is not rebuilt in (3) | F21: Simulator | G21: FR | H21: not yet | J21: RVC GCSTrangT | K21: 5.1 and older | L21: Ju106_RT401 | M21: Pass | N21: GCS/Ju106 | O21: Pass | P21: 42773 | Q21: GCS/LinhD[/Ju/106] | S21: Pass | T21: 42794 | U21: GCS/LinhD[/Ju/106] | AJ21: =IF(AI21>0, IF(AI21>=14,"D",IF(AI21>=8,"N","E")),"") | AN21: =IF(AM21>0, IF(AM21>=14,"D",IF(AM21>=8,"N","E")),"")
B22: 34-28-1-006 | C22: Default setting build Modify option > build | D22: 0. Continue above 1. Modify a Assembler option 2. Build project 3. Build project | E22: Build phases: Dep. Scan (ASM files) SIM Assembler Linker Convertor X Convertor Project is not rebuilt in (3) | F22: Simulator | G22: FR | H22: not yet | J22: RVC GCSTrangT | K22: 5.1 and older | L22: Ju106_RT401 | M22: Pass | N22: GCS/Ju106 | O22: Pass | P22: 42773 | Q22: GCS/LinhD[/Ju/106] | S22: Pass | T22: 42794 | U22: GCS/LinhD[/Ju/106] | AJ22: =IF(AI22>0, IF(AI22>=14,"D",IF(AI22>=8,"N","E")),"") | AN22: =IF(AM22>0, IF(AM22>=14,"D",IF(AM22>=8,"N","E")),"")
B23: 34-28-1-007 | C23: Default setting build Modify option > build | D23: 0. Continue above 1. Modify a Std. Lib option 2. Build project 3. Build project | E23: Build phases: Library Generator Linker Convertor X Convertor Project is not rebuilt in (3) | F23: Simulator | G23: FR | H23: not yet | J23: RVC GCSTrangT | K23: 5.1 and older | L23: Ju106_RT401 | M23: Pass | N23: GCS/Ju106 | O23: Pass | P23: 42773 | Q23: GCS/LinhD[/Ju/106] | S23: Pass | T23: 42794 | U23: GCS/LinhD[/Ju/106] | AJ23: =IF(AI23>0, IF(AI23>=14,"D",IF(AI23>=8,"N","E")),"") | AN23: =IF(AM23>0, IF(AM23>=14,"D",IF(AM23>=8,"N","E")),"")
B24: 34-28-1-008 | C24: Default setting build Modify option > build | D24: 0. Continue above 1. Modify a Linker option 2. Build project 3. Build project | E24: Build phases: Linker Convertor X Convertor Project is not rebuilt in (3) | F24: Simulator | G24: FR | H24: not yet | J24: RVC GCSTrangT | K24: 5.1 and older | L24: Ju106_RT401 | M24: Pass | N24: GCS/Ju106 | O24: Pass | P24: 42773 | Q24: GCS/LinhD[/Ju/106] | S24: Pass | T24: 42794 | U24: GCS/LinhD[/Ju/106] | AJ24: =IF(AI24>0, IF(AI24>=14,"D",IF(AI24>=8,"N","E")),"") | AN24: =IF(AM24>0, IF(AM24>=14,"D",IF(AM24>=8,"N","E")),"")
B25: 34-28-1-009 | C25: Default setting build Modify option > build | D25: 0. Continue above 1. Modify a Converter option 2. Build project 3. Build project | E25: Build phases: Linker Convertor X Convertor Project is not rebuilt in (3) | F25: Simulator | G25: FR | H25: not yet | J25: RVC GCSTrangT | K25: 5.1 and older | L25: Ju106_RT401 | M25: Pass | N25: GCS/Ju106 | O25: Pass | P25: 42773 | Q25: GCS/LinhD[/Ju/106] | S25: Pass | T25: 42794 | U25: GCS/LinhD[/Ju/106] | AJ25: =IF(AI25>0, IF(AI25>=14,"D",IF(AI25>=8,"N","E")),"") | AN25: =IF(AM25>0, IF(AM25>=14,"D",IF(AM25>=8,"N","E")),"")
